Temperature_Anomaly,Sea_Surface_Temperature,Ocean_Acidity,Sea_Level_Rise,Salinity,Dissolved_Oxygen,Climate_Zone,Region,Species_Diversity,Aquaculture_Production,Ecosystem_Health_Score
0.2,20.37,7.85,0.19,33.5,7.79,Tropical,Southern,55,11938.91,57.71
-0.8,10.23,8.08,0.25,37.57,4.24,Temperate,Southern,131,19481.94,60.29
-0.67,32.76,8.28,0.12,39.48,8.37,Tropical,Southern,82,45512.77,60.83
1.35,25.11,8.19,0.47,36.58,9.1,Polar,Atlantic,95,9088.16,96.81
1.57,29.42,7.66,0.06,38.94,6.45,Polar,Southern,67,22608.89,79.97
0.21,11.23,7.87,0.34,31.7,9.74,Temperate,Indian,105,13325.77,77.6
0.95,32.06,7.62,0.37,35.93,7.05,Temperate,Arctic,148,19461.74,98.12
-0.91,21.61,8.08,0.1,32.9,6.02,Temperate,Southern,61,6345.77,78.77
0.83,29.24,7.92,0.03,32.28,5.62,Temperate,Atlantic,141,32816.1,85.15
-1.61,6.06,8.36,0.12,32.15,8.97,Tropical,Indian,147,26595.67,71.18
-1.95,11.59,8.1,0.26,36.93,7.67,Temperate,Southern,173,23430.36,87.5
1.33,0.34,8.37,0.21,36.23,6.59,Temperate,Arctic,188,11907.5,78.7
-1.68,12.7,8.03,0.38,30.42,9.04,Polar,Atlantic,57,15860.55,87.69
1.46,33.94,8.32,0.28,37.08,6.29,Temperate,Arctic,114,19887.72,79.95
-0.95,3.59,7.76,0.28,30.11,5.21,Temperate,Pacific,177,49892.2,96.12
-0.6,17.71,7.73,0.0,32.97,4.53,Polar,Southern,188,8574.74,52.88
0.09,27.74,7.64,0.22,31.28,7.36,Polar,Atlantic,186,21645.19,61.74
-1.18,1.27,7.67,0.27,37.13,7.51,Tropical,Arctic,117,28432.76,65.03
-1.9,16.03,8.18,0.03,30.62,9.1,Temperate,Arctic,142,35321.95,97.31
0.71,8.85,8.44,0.39,37.71,8.33,Temperate,Arctic,180,41843.94,86.38
1.14,17.46,8.18,0.11,39.62,5.3,Polar,Indian,90,18996.78,94.79
-0.45,28.78,7.69,0.17,31.78,6.8,Tropical,Southern,154,11053.05,98.31
-1.2,10.68,8.33,0.18,34.45,9.94,Tropical,Arctic,78,48872.3,56.63
-1.9,31.78,8.24,0.3,36.79,9.76,Temperate,Pacific,164,42988.71,90.59
0.3,15.33,7.7,0.45,38.12,9.1,Temperate,Pacific,56,14160.58,75.94
-0.68,29.09,8.37,0.33,37.44,6.8,Tropical,Arctic,85,30224.22,73.68
-0.36,3.95,7.54,0.24,35.44,9.4,Tropical,Southern,136,26762.06,56.8
0.38,34.84,8.04,0.25,39.29,9.96,Tropical,Pacific,162,48835.92,67.46
-1.58,14.8,8.4,0.02,32.3,4.27,Tropical,Atlantic,159,25013.77,66.57
1.22,0.6,7.79,0.05,39.48,4.67,Temperate,Atlantic,153,40933.01,72.68
-1.14,16.68,7.97,0.19,37.58,4.86,Polar,Southern,69,33503.81,75.25
-0.09,25.24,7.84,0.17,34.87,8.02,Polar,Arctic,88,28420.18,67.84
-1.99,19.29,7.97,0.11,30.23,6.76,Temperate,Pacific,180,44870.54,54.01
-1.25,5.92,7.59,0.04,39.31,5.39,Polar,Pacific,177,25920.17,67.96
0.18,15.14,7.88,0.19,37.89,9.53,Tropical,Pacific,153,10011.89,75.8
1.41,25.66,8.49,0.35,38.02,5.25,Tropical,Atlantic,144,49066.42,83.0
-1.4,13.35,7.75,0.11,33.77,4.96,Temperate,Atlantic,148,33272.59,62.06
-1.58,20.1,7.88,0.01,37.2,9.45,Temperate,Indian,146,7936.37,68.53
-0.36,15.25,8.22,0.1,38.93,4.02,Polar,Southern,139,33696.52,52.17
1.6,32.42,8.36,0.23,32.21,4.46,Temperate,Indian,109,27192.84,62.16
1.36,32.73,8.48,0.17,37.03,7.11,Temperate,Southern,93,27794.52,76.85
0.96,29.56,8.03,0.13,37.0,6.13,Temperate,Atlantic,176,22864.78,91.71
-1.98,17.42,7.7,0.12,33.73,5.33,Tropical,Indian,57,47625.89,50.16
-1.31,17.96,7.75,0.23,32.19,9.15,Tropical,Indian,168,29043.2,82.39
0.77,6.06,7.92,0.37,30.75,6.81,Tropical,Southern,113,38889.95,71.51
-0.63,5.29,8.32,0.3,31.34,5.18,Polar,Pacific,66,47679.35,65.87
-0.42,22.28,7.62,0.36,36.29,4.21,Temperate,Atlantic,182,28396.03,99.69
-0.52,3.36,8.24,0.29,32.49,9.04,Temperate,Arctic,197,20995.06,86.85
-1.74,17.19,7.83,0.37,39.97,7.58,Polar,Indian,169,25843.8,55.26
1.37,17.3,7.88,0.16,37.57,9.44,Tropical,Arctic,110,35742.26,51.94
-1.65,26.28,8.45,0.17,37.61,9.48,Temperate,Indian,116,37478.98,64.01
0.51,24.6,8.16,0.02,33.14,9.56,Temperate,Pacific,196,37601.19,87.32
0.81,10.14,8.18,0.17,35.51,4.29,Tropical,Atlantic,125,27205.82,83.18
0.77,30.31,7.83,0.31,36.07,4.76,Tropical,Southern,136,27591.49,65.91
1.79,22.29,7.96,0.26,36.87,9.41,Tropical,Pacific,58,25974.07,69.06
0.47,0.4,7.73,0.19,35.78,7.45,Tropical,Southern,128,42471.91,81.96
-0.4,13.7,7.62,0.09,30.67,6.46,Tropical,Atlantic,169,43866.49,80.16
1.88,6.8,8.17,0.26,32.79,9.06,Tropical,Southern,113,49473.04,56.66
-1.24,12.08,7.85,0.13,38.84,5.08,Tropical,Atlantic,68,30022.34,65.17
0.75,16.99,7.58,0.4,33.79,8.57,Tropical,Southern,185,41481.53,85.49
-0.93,17.9,7.99,0.4,37.82,7.54,Temperate,Arctic,119,38305.91,69.67
1.26,3.33,8.31,0.13,36.4,9.03,Temperate,Pacific,168,44163.52,95.25
0.19,18.68,7.68,0.44,39.71,5.18,Tropical,Pacific,110,10901.52,85.2
0.85,4.06,7.9,0.47,32.21,6.08,Tropical,Atlantic,90,16961.37,53.7
1.6,25.03,7.75,0.05,39.85,8.92,Tropical,Pacific,174,16075.3,62.53
-1.89,26.49,8.26,0.49,34.97,4.62,Polar,Southern,99,45966.13,94.09
-0.29,5.82,8.39,0.15,31.47,6.01,Temperate,Atlantic,98,45664.28,57.72
-1.8,5.38,8.44,0.33,36.86,9.97,Temperate,Atlantic,149,37856.11,90.85
-0.98,29.66,8.31,0.5,37.14,4.78,Temperate,Pacific,60,30164.94,64.42
-1.49,4.5,7.53,0.17,33.57,9.84,Tropical,Atlantic,62,28456.2,56.82
-1.42,7.75,7.9,0.15,33.29,4.38,Tropical,Pacific,186,43812.88,77.52
1.27,17.35,7.59,0.13,39.89,9.26,Tropical,Arctic,148,17289.12,92.89
-1.71,25.03,8.26,0.34,39.63,4.29,Tropical,Atlantic,140,31216.17,82.32
1.36,28.22,7.74,0.33,38.05,7.9,Polar,Pacific,60,21303.96,62.28
-1.12,25.69,7.9,0.33,35.62,6.58,Temperate,Southern,148,27513.72,90.29
-1.52,4.9,8.18,0.23,31.88,5.68,Tropical,Pacific,121,46250.12,75.81
0.17,9.5,7.83,0.46,37.82,5.92,Tropical,Pacific,186,34136.99,90.54
0.19,32.42,7.91,0.14,37.79,9.78,Polar,Atlantic,119,16283.46,69.56
0.47,21.79,8.15,0.03,37.76,8.1,Temperate,Pacific,160,47771.21,84.64
1.77,0.14,7.54,0.02,36.38,8.82,Tropical,Arctic,140,42615.41,53.59
0.46,1.35,7.99,0.31,32.41,9.5,Temperate,Indian,119,9320.98,73.12
1.87,18.56,8.39,0.32,39.07,4.08,Polar,Arctic,72,42995.15,93.05
0.95,33.47,8.16,0.14,36.79,4.19,Tropical,Atlantic,117,19076.33,99.33
-0.54,14.34,8.04,0.31,38.45,8.78,Tropical,Indian,114,33050.76,93.89
-0.94,20.1,7.87,0.44,34.36,7.98,Temperate,Pacific,116,23078.7,88.82
-1.32,21.14,7.77,0.03,39.74,7.96,Polar,Indian,85,32264.8,55.63
1.27,11.24,7.52,0.24,30.45,6.98,Polar,Southern,88,18842.89,93.44
-0.59,3.92,7.69,0.38,38.04,7.63,Polar,Indian,145,21795.85,59.6
0.13,0.45,8.1,0.29,34.93,6.27,Tropical,Atlantic,111,9993.02,62.55
-1.09,17.63,8.25,0.14,32.56,4.97,Tropical,Indian,102,39244.8,83.25
0.5,28.07,7.63,0.08,31.61,8.25,Polar,Southern,150,38581.54,52.86
1.8,16.43,7.73,0.01,33.14,6.03,Tropical,Southern,103,11379.35,93.89
-2.0,0.79,8.02,0.21,30.12,6.34,Polar,Atlantic,67,47687.37,69.72
1.77,16.93,8.4,0.5,31.22,8.73,Tropical,Arctic,110,25095.42,57.48
-0.67,33.02,7.7,0.11,33.8,8.63,Tropical,Arctic,149,7275.12,50.52
-1.46,26.47,7.6,0.34,32.66,9.52,Tropical,Atlantic,85,44840.32,93.66
-0.42,23.19,8.24,0.43,39.18,8.03,Tropical,Atlantic,131,18051.47,92.45
1.05,31.5,7.74,0.01,30.15,9.66,Tropical,Atlantic,137,49019.09,59.8
-0.62,13.73,8.38,0.32,38.49,7.17,Polar,Southern,117,14016.04,64.16
-1.52,11.17,7.62,0.43,30.0,6.82,Polar,Pacific,86,46582.9,93.88
-0.83,0.97,7.82,0.25,37.6,8.83,Temperate,Arctic,94,9138.17,85.33
-0.35,2.97,8.01,0.25,36.16,5.65,Tropical,Indian,92,35735.37,78.51
0.9,31.03,8.41,0.18,34.02,7.31,Polar,Arctic,168,15077.42,90.06
-0.81,2.98,8.28,0.42,36.27,5.09,Temperate,Atlantic,71,11444.24,84.34
-0.94,26.82,7.92,0.26,31.82,9.42,Polar,Atlantic,71,15958.01,53.94
0.89,20.55,7.97,0.3,30.69,4.14,Temperate,Atlantic,152,25951.88,71.58
-0.22,24.28,8.42,0.14,35.19,8.78,Polar,Arctic,62,44633.28,64.48
-0.2,14.1,8.44,0.37,35.93,7.63,Tropical,Pacific,93,39684.9,72.08
0.51,32.02,7.83,0.22,35.18,4.77,Polar,Atlantic,79,12897.22,89.87
1.88,9.3,8.23,0.49,31.91,5.46,Polar,Arctic,61,12666.35,52.47
-1.21,6.92,7.65,0.23,35.86,8.86,Tropical,Atlantic,176,15975.25,84.87
-1.24,18.97,7.75,0.18,37.81,9.38,Temperate,Arctic,73,24672.79,70.7
1.99,13.26,8.36,0.14,35.27,6.53,Tropical,Atlantic,132,5795.06,76.19
0.47,27.53,8.24,0.05,39.23,8.12,Polar,Arctic,168,6745.02,52.77
0.45,5.73,7.71,0.18,32.61,5.11,Temperate,Indian,81,44716.6,92.51
-0.15,20.97,8.42,0.02,32.79,5.7,Tropical,Atlantic,50,20417.79,76.41
-0.79,30.13,7.56,0.14,30.05,5.13,Polar,Atlantic,78,42475.27,96.54
0.45,24.18,7.74,0.24,35.67,7.51,Temperate,Indian,167,16378.93,64.5
-1.91,8.6,8.18,0.19,31.47,6.66,Temperate,Atlantic,88,11805.22,51.73
-0.79,19.15,7.8,0.24,32.48,5.1,Tropical,Arctic,151,48872.44,91.34
0.31,5.14,8.15,0.4,31.85,6.8,Polar,Pacific,165,33786.87,76.58
0.07,11.5,7.84,0.4,37.88,9.9,Polar,Indian,146,35566.43,66.24
-1.22,2.31,8.48,0.4,30.22,8.66,Tropical,Pacific,115,26967.17,80.93
0.87,28.61,8.37,0.36,35.09,4.07,Polar,Indian,134,44136.55,74.54
-0.24,5.66,7.65,0.41,39.42,4.89,Temperate,Pacific,110,23135.05,64.09
-1.37,14.24,8.32,0.04,34.41,4.83,Temperate,Pacific,195,31036.33,92.24
0.91,28.31,8.15,0.25,33.27,4.08,Tropical,Indian,94,49995.94,75.92
1.2,26.58,8.33,0.47,34.85,4.7,Temperate,Southern,64,48643.46,87.26
1.56,34.16,7.79,0.16,39.88,6.67,Polar,Arctic,114,12261.0,70.72
-0.89,13.49,8.33,0.07,39.82,9.96,Temperate,Atlantic,134,12393.42,63.92
1.03,9.19,7.96,0.27,32.78,8.81,Tropical,Atlantic,156,19853.0,89.3
0.21,32.62,8.08,0.27,35.76,7.54,Tropical,Pacific,56,28236.42,65.74
1.71,0.15,7.8,0.37,37.5,8.43,Polar,Southern,158,42669.49,54.0
-0.76,24.17,7.63,0.25,31.27,4.28,Polar,Pacific,51,17502.81,76.71
-1.27,7.91,7.73,0.21,38.75,9.15,Polar,Atlantic,117,32203.94,61.23
-0.87,12.22,8.28,0.23,35.4,7.91,Tropical,Indian,171,48021.0,80.29
1.02,14.77,7.96,0.47,36.78,5.64,Tropical,Arctic,151,33027.93,75.54
1.62,22.1,7.79,0.49,30.17,8.4,Polar,Indian,108,47103.14,93.37
-1.3,20.82,8.37,0.19,30.92,4.18,Tropical,Atlantic,184,40925.92,50.33
0.22,29.3,7.99,0.32,33.1,6.59,Tropical,Indian,166,48804.73,80.48
0.04,13.22,8.41,0.36,39.03,4.0,Temperate,Atlantic,107,29247.65,55.99
0.4,21.42,7.76,0.2,36.13,6.74,Polar,Southern,99,17474.43,79.14
-1.18,15.17,8.46,0.3,35.74,6.09,Tropical,Southern,190,41372.81,77.94
-0.84,9.44,8.01,0.19,32.38,6.15,Temperate,Southern,170,45311.4,52.27
-1.21,11.43,7.83,0.08,32.78,7.27,Polar,Arctic,164,10403.87,80.91
1.86,10.83,8.09,0.08,37.04,8.75,Tropical,Indian,177,35427.89,82.03
1.35,11.93,7.94,0.23,38.62,9.67,Tropical,Atlantic,174,41591.69,99.59
-1.0,24.24,7.84,0.07,33.8,9.16,Tropical,Southern,99,11448.39,55.79
1.9,20.64,8.43,0.35,34.79,8.67,Tropical,Indian,146,34954.25,67.17
-0.99,28.87,8.32,0.12,34.48,8.63,Tropical,Southern,164,47508.67,96.73
-0.29,18.37,8.24,0.08,31.71,6.75,Polar,Indian,134,47438.4,50.07
1.99,12.21,8.11,0.46,33.04,6.59,Temperate,Arctic,136,30840.98,50.36
-1.95,19.48,8.06,0.38,30.95,9.17,Polar,Arctic,157,28812.52,83.06
-1.25,24.08,8.22,0.06,34.53,5.69,Polar,Arctic,163,28703.01,90.22
-0.29,34.64,7.88,0.28,39.76,5.55,Temperate,Southern,82,11683.0,93.68
1.92,16.2,8.02,0.13,37.78,4.71,Temperate,Southern,77,48268.43,93.82
-0.01,21.73,8.27,0.34,35.39,9.53,Temperate,Arctic,159,15996.09,63.94
0.75,0.31,7.74,0.0,31.96,6.63,Polar,Indian,196,35283.81,96.35
0.77,27.87,7.96,0.03,37.65,6.23,Polar,Arctic,180,49031.13,59.38
-0.87,13.48,7.66,0.24,36.96,5.73,Tropical,Indian,176,5006.58,56.93
0.6,14.82,7.95,0.09,36.97,5.2,Polar,Arctic,132,21205.67,54.16
-1.32,17.64,8.45,0.12,30.86,5.09,Polar,Pacific,192,28023.0,62.14
-1.52,16.15,7.73,0.09,32.51,7.97,Temperate,Pacific,62,47860.6,81.71
0.95,23.36,8.36,0.11,36.56,9.19,Polar,Indian,132,44110.29,85.87
-1.03,0.63,7.87,0.46,30.93,6.34,Temperate,Arctic,85,13775.63,51.41
0.1,28.05,8.15,0.48,33.74,8.53,Temperate,Arctic,142,44535.74,88.42
0.05,4.13,8.22,0.46,34.65,5.66,Polar,Pacific,190,10977.91,81.92
-1.2,17.86,8.19,0.1,33.31,5.78,Polar,Indian,69,38191.95,78.1
-0.0,27.44,8.03,0.38,39.27,7.12,Polar,Indian,56,23077.76,67.07
1.29,5.09,8.25,0.11,37.56,9.42,Temperate,Indian,167,38284.82,67.06
0.59,20.23,8.37,0.46,36.92,5.08,Tropical,Arctic,96,13278.31,64.42
1.22,23.57,8.2,0.13,34.91,4.22,Temperate,Arctic,66,24042.34,80.86
-0.21,7.49,8.05,0.22,36.37,8.2,Tropical,Atlantic,51,33479.15,79.91
-1.96,13.45,8.47,0.45,30.82,4.0,Tropical,Southern,179,40176.93,79.71
-1.59,11.09,7.57,0.07,30.68,4.87,Temperate,Atlantic,52,47828.98,68.91
-0.93,18.81,8.19,0.42,37.41,9.49,Temperate,Arctic,194,44612.65,72.87
-1.35,17.35,7.97,0.02,32.27,5.59,Tropical,Pacific,108,36368.08,82.89
-0.61,15.38,7.79,0.09,37.68,4.51,Temperate,Indian,181,12701.61,80.99
0.42,3.11,7.78,0.06,34.25,7.25,Polar,Indian,121,18423.03,99.9
0.89,14.25,7.98,0.02,38.66,6.62,Temperate,Southern,199,29871.78,83.72
-1.54,13.04,7.54,0.09,34.32,6.55,Temperate,Indian,66,20184.43,74.51
-0.17,12.4,7.71,0.07,38.67,4.5,Polar,Atlantic,99,29986.98,94.31
0.04,27.8,8.25,0.29,35.52,6.08,Temperate,Arctic,167,37360.26,57.78
1.29,18.24,7.93,0.41,38.92,9.04,Temperate,Pacific,184,47975.14,67.56
0.43,1.19,8.28,0.22,34.21,5.86,Tropical,Pacific,61,22103.42,96.19
1.94,2.44,7.89,0.39,31.32,6.44,Polar,Atlantic,98,25477.25,52.59
-0.76,2.84,8.16,0.32,37.96,7.92,Temperate,Atlantic,128,22302.45,66.12
-0.69,26.42,7.75,0.5,35.69,5.53,Polar,Arctic,68,48185.24,70.25
0.12,19.25,8.33,0.47,30.01,5.36,Polar,Southern,160,43920.91,81.78
0.99,23.17,7.62,0.15,36.09,8.47,Tropical,Arctic,193,21507.7,97.52
-0.87,29.95,8.18,0.15,38.28,8.75,Temperate,Atlantic,85,29166.11,71.07
1.77,18.15,7.97,0.49,32.89,6.58,Tropical,Indian,89,12219.3,84.65
-0.76,5.71,8.34,0.11,31.85,4.37,Polar,Arctic,59,7018.91,88.12
1.97,22.31,7.63,0.26,31.47,7.94,Temperate,Pacific,151,35293.87,67.06
-1.95,5.95,8.14,0.42,31.56,5.23,Tropical,Southern,156,47486.48,79.55
-0.44,28.02,7.77,0.36,34.56,8.48,Temperate,Arctic,169,35641.94,65.99
-1.64,22.04,7.67,0.33,39.56,9.45,Temperate,Southern,85,45966.75,91.37
0.84,15.16,7.71,0.12,39.21,7.93,Tropical,Atlantic,139,13127.58,94.81
-0.01,22.02,7.61,0.3,34.47,5.96,Tropical,Indian,166,44946.73,79.18
-0.18,17.43,7.93,0.31,33.06,6.24,Polar,Arctic,73,23190.35,60.47
-1.65,14.38,7.77,0.35,39.43,8.51,Temperate,Indian,170,25456.07,67.16
-0.27,25.2,7.54,0.21,39.06,8.91,Tropical,Pacific,101,35333.41,76.84
-1.19,6.43,7.53,0.47,39.26,7.71,Tropical,Southern,126,17021.5,85.43
1.0,14.02,8.45,0.2,38.35,9.37,Polar,Southern,55,11196.56,73.3
-1.46,19.25,7.56,0.28,34.35,5.1,Temperate,Pacific,111,44764.42,95.11
-1.95,10.36,8.27,0.35,36.76,6.64,Temperate,Southern,165,34709.4,68.05
1.74,18.36,8.31,0.01,32.98,6.69,Tropical,Indian,72,14736.77,61.53
1.78,1.35,7.59,0.46,30.65,6.33,Tropical,Pacific,107,6408.3,91.28
-0.55,21.39,8.1,0.11,36.01,4.93,Tropical,Atlantic,64,17566.86,97.79
0.13,6.24,7.74,0.16,31.77,8.89,Tropical,Southern,181,19421.22,95.85
1.34,2.77,8.19,0.25,36.93,4.41,Tropical,Atlantic,53,18147.47,76.96
0.99,0.7,7.57,0.25,30.43,5.83,Temperate,Pacific,184,9653.01,84.73
-1.97,32.23,7.57,0.39,39.52,5.72,Temperate,Indian,177,45832.89,52.33
-1.87,1.48,8.29,0.25,32.3,7.95,Polar,Arctic,52,43891.03,75.01
0.41,12.77,7.93,0.04,37.56,4.75,Tropical,Atlantic,110,47212.88,76.89
-0.54,11.33,7.66,0.42,35.6,7.09,Polar,Atlantic,52,42698.79,70.28
-1.34,12.48,7.74,0.1,35.44,5.34,Temperate,Arctic,168,5883.45,62.94
0.1,1.78,8.17,0.36,38.38,9.45,Temperate,Southern,95,5076.86,95.19
-1.23,26.11,8.12,0.08,30.54,5.63,Temperate,Atlantic,93,38780.07,73.83
1.38,0.75,8.42,0.49,35.46,8.8,Tropical,Southern,159,29766.05,89.42
-1.63,15.61,8.38,0.07,34.48,6.9,Tropical,Arctic,85,39112.05,78.39
1.94,24.44,7.76,0.17,34.91,4.04,Temperate,Indian,53,21138.86,90.84
-1.52,30.35,7.83,0.16,34.1,6.47,Tropical,Atlantic,53,6827.17,89.99
-0.77,25.42,8.34,0.27,38.52,9.55,Tropical,Pacific,182,8051.07,88.68
0.56,14.9,8.09,0.46,33.9,7.85,Tropical,Indian,87,37285.38,99.68
0.63,10.9,7.57,0.13,39.5,5.71,Polar,Indian,127,13407.3,72.16
-1.27,27.7,8.13,0.26,33.36,8.94,Polar,Indian,200,32670.92,78.28
-0.57,31.6,7.59,0.42,38.74,4.54,Tropical,Indian,93,37086.44,90.28
-0.86,34.92,8.06,0.09,32.71,6.15,Temperate,Atlantic,133,47598.18,83.34
0.5,2.4,7.51,0.34,31.24,8.59,Tropical,Pacific,80,46938.81,70.4
-0.7,7.77,7.56,0.48,34.01,4.91,Tropical,Indian,132,33674.39,76.7
1.69,34.73,8.45,0.01,33.18,9.83,Tropical,Arctic,76,33670.0,86.42
-0.39,24.63,8.44,0.07,37.49,9.1,Tropical,Arctic,155,6733.52,94.78
-1.24,0.85,8.38,0.22,31.14,7.2,Temperate,Atlantic,171,47956.45,97.38
0.13,29.09,8.21,0.16,35.12,6.28,Temperate,Southern,152,12972.58,93.59
0.24,15.98,8.24,0.23,36.76,8.55,Polar,Southern,114,38188.07,84.49
0.37,19.69,8.25,0.38,30.49,6.93,Tropical,Pacific,133,18534.45,96.16
0.49,24.16,7.9,0.41,38.74,5.11,Tropical,Indian,75,39436.93,84.62
1.62,16.53,8.17,0.29,37.44,5.62,Polar,Atlantic,104,44365.7,91.7
-0.32,10.55,8.12,0.2,36.9,8.63,Tropical,Pacific,112,34966.4,63.3
-0.5,17.07,8.24,0.11,36.53,6.8,Tropical,Atlantic,167,36563.15,50.66
-0.9,3.44,8.22,0.33,31.66,4.35,Tropical,Indian,87,43946.61,55.5
-1.19,18.06,8.37,0.38,33.29,5.13,Temperate,Southern,122,13947.74,74.65
-1.15,30.17,8.13,0.09,31.58,4.68,Tropical,Southern,176,7588.82,52.72
-0.33,25.24,8.35,0.22,36.07,7.11,Tropical,Arctic,93,24566.0,53.92
1.12,31.25,7.67,0.23,30.61,4.05,Temperate,Arctic,129,49534.89,50.26
0.54,20.91,8.49,0.36,34.69,9.8,Temperate,Southern,169,33799.01,89.57
0.76,8.32,8.28,0.1,32.97,5.54,Tropical,Atlantic,167,7032.77,96.79
-1.85,34.93,7.66,0.09,38.37,6.57,Polar,Arctic,171,39112.49,78.11
-1.1,25.18,7.9,0.42,31.67,4.55,Temperate,Arctic,190,45865.14,67.58
-0.66,30.12,8.48,0.01,38.69,9.5,Temperate,Indian,168,27512.59,65.87
-0.73,21.6,7.53,0.42,32.06,4.69,Temperate,Atlantic,169,23712.08,98.02
-0.75,24.46,7.78,0.47,31.83,9.33,Tropical,Southern,178,47440.6,92.0
0.97,25.3,8.05,0.13,33.25,9.42,Polar,Atlantic,196,26037.17,62.29
-0.67,26.23,7.75,0.36,31.31,9.52,Temperate,Atlantic,199,12674.93,57.15
-0.64,17.66,8.16,0.28,31.97,4.63,Temperate,Southern,145,7488.42,90.28
-0.62,10.47,7.92,0.13,32.76,8.75,Tropical,Southern,108,37324.13,98.72
-0.26,3.1,8.17,0.32,33.54,7.14,Tropical,Southern,121,40457.63,60.06
1.46,11.15,8.49,0.3,38.88,6.9,Temperate,Southern,85,12397.61,73.65
-1.47,0.52,8.34,0.42,34.52,5.04,Tropical,Pacific,98,45326.5,87.58
-0.85,32.54,7.77,0.16,32.69,6.35,Temperate,Arctic,103,33400.67,51.43
-1.9,22.41,8.1,0.08,35.95,4.76,Tropical,Pacific,143,31311.24,84.53
0.02,4.21,8.24,0.24,37.72,4.95,Tropical,Atlantic,183,20617.31,91.21
1.98,27.57,8.36,0.15,39.24,9.26,Tropical,Atlantic,148,22575.19,57.08
1.16,0.26,7.71,0.31,38.45,6.08,Tropical,Arctic,145,46967.38,94.85
-0.14,6.06,7.65,0.36,32.08,4.02,Tropical,Indian,147,48962.63,94.87
-0.85,8.12,7.77,0.3,34.68,9.97,Tropical,Southern,123,35586.47,50.05
-0.97,10.83,7.65,0.12,39.64,4.74,Tropical,Southern,187,26273.38,68.2
-1.56,5.85,7.9,0.24,39.25,5.96,Temperate,Atlantic,140,5875.54,64.41
-1.66,5.36,8.37,0.06,33.86,7.79,Temperate,Pacific,158,31526.73,85.44
0.01,3.58,8.21,0.35,35.75,8.96,Polar,Atlantic,145,44724.92,50.74
-0.64,23.0,8.36,0.41,38.32,9.71,Temperate,Southern,71,15438.2,58.07
0.22,7.74,7.5,0.43,35.11,8.29,Polar,Southern,175,28329.68,81.71
1.8,32.26,8.39,0.09,38.86,9.35,Polar,Southern,115,33026.94,83.35
-1.41,18.56,7.7,0.42,34.84,6.04,Polar,Indian,78,36481.23,97.12
-0.62,18.76,8.45,0.42,33.86,9.32,Tropical,Atlantic,90,9051.61,50.4
-0.99,10.59,7.54,0.22,38.3,7.46,Temperate,Indian,182,7954.94,89.9
0.96,27.25,8.43,0.22,34.71,9.32,Polar,Southern,74,13285.51,53.34
1.81,26.12,7.82,0.14,30.98,4.15,Temperate,Pacific,188,42034.07,83.41
-0.2,16.05,8.13,0.08,36.29,7.21,Tropical,Arctic,65,24323.66,53.43
1.81,29.96,8.33,0.37,39.42,7.32,Tropical,Atlantic,185,44529.31,95.15
-1.32,26.37,7.68,0.3,34.91,7.87,Tropical,Southern,68,15587.93,98.07
-0.88,10.1,7.79,0.5,30.45,9.84,Tropical,Arctic,125,28371.87,70.59
0.83,13.52,7.87,0.13,35.38,7.54,Tropical,Pacific,123,28690.68,83.59
1.69,4.07,8.06,0.25,31.18,6.63,Polar,Arctic,82,9631.6,50.67
-0.12,25.33,7.75,0.4,33.76,7.11,Tropical,Arctic,122,10842.42,63.6
-1.46,33.4,8.34,0.07,34.48,5.53,Tropical,Arctic,175,15735.59,85.24
0.12,24.6,7.58,0.12,39.25,4.76,Tropical,Atlantic,174,25609.71,74.49
1.78,32.98,8.36,0.13,32.75,5.25,Polar,Atlantic,184,31293.18,92.69
-0.24,22.87,8.16,0.36,38.7,8.97,Temperate,Pacific,63,10250.85,94.94
-0.04,1.19,7.64,0.29,39.2,5.21,Tropical,Atlantic,193,39108.81,69.75
0.34,20.48,7.64,0.05,32.35,5.69,Tropical,Indian,200,47692.51,88.4
-0.21,33.51,8.42,0.43,35.04,9.71,Polar,Atlantic,69,13493.59,78.3
-0.12,9.22,7.8,0.01,39.62,6.84,Polar,Arctic,117,11470.17,67.35
-1.26,10.19,8.1,0.42,33.76,7.18,Tropical,Indian,141,18282.18,66.23
-0.25,4.5,8.09,0.23,33.33,7.87,Polar,Atlantic,65,24757.38,77.38
-1.72,31.19,8.41,0.41,31.49,6.8,Tropical,Indian,76,8769.68,50.09
-1.67,20.57,8.08,0.25,30.97,9.77,Polar,Southern,91,36933.18,64.76
1.4,24.25,8.18,0.05,33.04,7.03,Temperate,Atlantic,192,25089.8,86.1
1.65,5.85,8.31,0.2,31.4,6.36,Temperate,Pacific,173,45718.2,94.95
-0.17,15.43,7.64,0.41,37.79,9.58,Temperate,Indian,50,39483.92,72.31
-0.99,29.22,8.2,0.36,39.03,6.24,Temperate,Southern,148,35270.44,83.82
0.81,2.74,7.53,0.27,32.25,5.66,Tropical,Southern,141,27445.39,86.13
-1.18,13.7,7.77,0.15,36.46,4.59,Temperate,Southern,135,32057.49,57.7
0.48,20.71,7.77,0.24,34.25,9.71,Temperate,Arctic,86,19427.96,74.34
-0.74,24.47,7.94,0.35,30.89,5.7,Polar,Southern,88,14206.45,75.52
-1.78,19.97,7.58,0.5,37.98,4.19,Temperate,Arctic,53,17122.38,99.38
0.42,24.36,7.52,0.23,32.49,6.48,Temperate,Atlantic,89,14253.47,64.63
-1.5,25.8,8.17,0.08,30.48,6.14,Polar,Pacific,152,47544.65,52.81
-1.53,0.49,7.55,0.11,30.76,4.15,Temperate,Atlantic,138,10157.36,62.67
-1.83,23.22,7.98,0.18,36.7,9.61,Tropical,Atlantic,90,28289.96,91.47
1.64,9.84,8.3,0.23,32.57,7.8,Tropical,Southern,114,6055.25,94.37
-1.99,26.73,8.29,0.22,37.86,7.63,Temperate,Southern,194,6556.31,97.86
-0.14,7.58,8.14,0.41,39.57,4.04,Polar,Southern,190,40213.84,72.35
0.91,16.21,8.46,0.44,38.65,5.42,Polar,Arctic,97,13223.79,84.5
-1.94,22.6,8.18,0.06,39.38,8.88,Temperate,Arctic,175,18455.5,56.87
-0.24,2.13,7.53,0.36,38.17,9.36,Temperate,Pacific,71,41114.88,60.72
0.66,32.0,8.45,0.25,32.27,8.03,Temperate,Arctic,153,20615.94,81.75
-0.09,5.44,7.5,0.15,31.62,5.1,Polar,Arctic,149,43413.04,96.95
-1.36,31.36,8.18,0.09,35.01,5.79,Tropical,Indian,176,44395.36,90.01
1.23,25.45,7.96,0.4,38.54,4.22,Polar,Pacific,173,19990.75,67.19
-0.35,25.71,8.02,0.43,33.51,5.31,Tropical,Atlantic,151,42691.9,62.91
-0.29,8.5,7.68,0.02,33.0,9.56,Tropical,Arctic,103,25913.49,74.44
1.1,7.19,8.21,0.14,32.81,4.22,Polar,Pacific,63,22032.76,88.04
0.15,20.08,8.07,0.28,33.96,9.63,Polar,Indian,67,32712.16,76.35
0.71,7.05,8.04,0.32,39.59,5.23,Tropical,Pacific,75,35106.52,92.05
1.44,12.77,8.23,0.33,32.86,4.25,Polar,Indian,145,26567.49,71.12
-0.49,23.32,8.09,0.13,34.4,6.42,Tropical,Southern,120,26429.45,74.88
-1.55,9.65,7.51,0.02,39.82,5.23,Temperate,Southern,111,23035.58,88.4
0.42,23.38,7.89,0.1,38.85,6.71,Polar,Indian,148,13597.72,68.01
1.23,16.27,8.26,0.19,33.86,5.68,Polar,Arctic,112,48980.37,82.29
0.12,11.04,8.24,0.17,31.94,4.53,Temperate,Southern,111,17416.59,93.04
-1.02,5.46,8.39,0.43,30.64,9.15,Polar,Indian,174,42675.64,94.44
-1.94,34.16,8.36,0.09,35.11,7.86,Temperate,Southern,88,30224.12,76.56
-1.68,10.37,7.93,0.05,33.46,7.0,Polar,Southern,87,18210.98,55.81
-1.65,6.27,8.5,0.41,34.8,6.29,Temperate,Southern,66,14557.0,90.73
-0.35,14.88,8.28,0.1,38.87,4.54,Temperate,Atlantic,196,47548.96,67.87
-0.07,7.63,7.96,0.34,33.52,9.6,Temperate,Indian,152,39261.27,93.85
1.65,31.59,7.68,0.2,37.74,9.61,Tropical,Atlantic,177,12502.3,59.14
1.35,27.82,7.96,0.22,36.77,7.22,Temperate,Southern,101,45778.2,86.44
1.17,5.98,8.03,0.04,33.07,7.72,Temperate,Indian,138,46935.69,91.7
1.61,20.5,7.6,0.33,38.54,6.62,Tropical,Atlantic,196,40017.14,91.06
-1.84,25.86,8.36,0.08,37.5,9.97,Tropical,Arctic,154,33603.64,66.52
-0.33,5.3,7.52,0.46,36.46,9.03,Polar,Indian,119,20402.7,54.46
1.32,20.37,8.1,0.07,31.32,7.76,Tropical,Southern,104,36171.56,75.42
-1.13,11.09,8.02,0.18,32.82,7.11,Temperate,Atlantic,169,36013.6,65.42
-0.09,30.06,7.85,0.49,37.99,7.57,Polar,Arctic,113,36232.26,57.41
0.14,24.26,8.46,0.17,39.28,8.44,Temperate,Atlantic,117,9831.43,95.42
0.41,17.6,7.81,0.07,34.46,5.54,Polar,Pacific,140,27072.2,87.84
0.08,21.16,7.91,0.31,35.56,6.65,Polar,Pacific,65,37295.44,68.45
-0.03,17.83,8.42,0.22,37.9,8.08,Polar,Indian,77,24092.31,57.75
-0.56,15.13,8.49,0.12,35.89,5.61,Temperate,Pacific,198,24216.4,85.25
1.14,30.11,7.91,0.31,34.99,4.04,Tropical,Arctic,117,32814.43,95.52
0.25,20.26,8.39,0.19,31.66,7.97,Polar,Pacific,91,49056.83,51.99
-0.65,8.78,8.28,0.07,31.66,7.77,Temperate,Arctic,133,21982.0,78.57
1.34,4.8,7.95,0.35,39.57,7.64,Polar,Southern,118,39241.26,58.77
-0.67,30.34,7.53,0.42,30.77,4.28,Temperate,Pacific,53,30543.98,80.38
-1.88,30.41,8.0,0.24,33.71,6.67,Tropical,Atlantic,198,31381.14,87.17
1.64,19.94,7.98,0.2,39.54,7.32,Temperate,Pacific,191,10153.75,98.98
-1.57,15.81,8.19,0.02,36.59,5.5,Polar,Arctic,134,12719.38,85.56
0.19,22.68,7.64,0.4,35.12,9.56,Temperate,Pacific,58,16627.96,91.95
-0.94,8.07,8.38,0.46,31.77,5.64,Polar,Southern,181,25720.43,55.28
-1.98,17.04,7.97,0.31,33.74,9.94,Polar,Indian,171,35420.6,84.87
0.05,32.29,8.44,0.19,38.87,5.34,Polar,Atlantic,103,18883.37,64.7
-0.79,32.5,7.79,0.31,38.02,7.51,Temperate,Southern,110,31860.67,62.54
1.98,10.89,7.96,0.25,34.75,4.75,Polar,Southern,193,37543.04,95.93
0.97,17.31,8.26,0.47,32.74,5.06,Tropical,Arctic,116,15626.91,78.59
-0.04,34.24,7.93,0.15,38.76,9.3,Polar,Arctic,194,32830.51,58.77
0.8,4.37,7.89,0.1,37.54,4.04,Temperate,Arctic,184,28936.21,60.76
0.97,7.07,7.87,0.14,35.7,7.52,Tropical,Southern,183,9662.17,98.46
0.66,11.76,7.76,0.27,32.08,8.33,Temperate,Arctic,68,22157.31,94.67
0.26,12.27,8.34,0.44,30.75,9.96,Temperate,Indian,189,10049.16,80.82
-1.02,1.8,8.48,0.16,31.46,8.92,Temperate,Arctic,110,18981.08,63.63
-0.12,26.93,7.65,0.47,39.23,4.48,Polar,Atlantic,98,28344.24,78.01
0.69,16.92,7.89,0.33,39.45,6.22,Tropical,Indian,148,17395.82,92.3
1.32,8.33,7.65,0.33,39.7,7.93,Tropical,Indian,120,6962.27,50.15
1.39,8.93,7.57,0.3,38.98,8.84,Temperate,Atlantic,58,48808.81,94.47
-1.52,13.23,8.44,0.29,33.78,8.87,Polar,Indian,176,42254.01,93.86
0.17,8.7,8.04,0.16,31.96,4.64,Tropical,Atlantic,162,31217.3,51.78
-0.1,32.53,7.99,0.42,34.97,7.95,Polar,Atlantic,53,45376.68,56.61
0.72,18.06,8.43,0.26,36.3,8.46,Polar,Pacific,72,45333.61,98.63
-0.46,6.35,8.07,0.45,36.16,8.8,Polar,Atlantic,163,17378.93,56.6
0.41,9.85,7.71,0.38,32.47,9.24,Tropical,Arctic,135,34153.25,82.94
-0.29,31.47,8.12,0.3,38.37,7.52,Tropical,Arctic,143,31993.38,52.03
0.03,20.86,7.97,0.32,33.36,4.35,Polar,Indian,192,35351.08,72.41
1.41,4.2,8.05,0.45,30.82,8.27,Polar,Atlantic,135,5066.33,63.35
-0.22,22.8,8.14,0.27,32.93,4.81,Polar,Arctic,79,35564.55,81.02
0.41,27.91,7.91,0.04,32.07,9.64,Polar,Southern,195,45954.78,93.21
0.61,18.78,8.18,0.42,30.38,5.84,Temperate,Atlantic,96,24186.97,95.95
-0.77,7.58,8.47,0.18,36.93,4.13,Tropical,Pacific,96,34107.5,94.64
0.36,22.69,7.62,0.32,36.27,6.42,Temperate,Indian,196,33408.11,72.17
0.84,15.27,8.36,0.16,35.3,7.09,Polar,Atlantic,78,7833.9,53.98
0.12,29.93,7.53,0.39,31.37,7.06,Tropical,Atlantic,97,37456.87,66.62
-1.33,14.55,8.35,0.0,32.36,5.11,Temperate,Pacific,183,8527.28,70.56
-2.0,16.64,7.71,0.04,31.05,8.34,Temperate,Arctic,118,33293.68,75.12
0.94,13.25,8.38,0.37,32.48,5.26,Temperate,Pacific,147,12626.33,92.17
0.06,22.78,7.61,0.23,37.35,4.43,Polar,Pacific,85,21375.11,61.65
-0.5,8.23,7.55,0.14,37.57,4.82,Temperate,Indian,88,32544.53,93.59
1.56,30.31,7.91,0.08,35.81,7.6,Tropical,Arctic,153,34666.32,58.88
-1.56,30.13,8.11,0.45,36.34,4.7,Tropical,Indian,52,27304.0,81.8
-1.26,29.12,7.57,0.11,32.27,4.67,Polar,Indian,187,16872.68,60.9
0.75,21.34,8.01,0.36,32.29,7.55,Tropical,Pacific,55,7981.37,92.41
-1.14,13.95,8.26,0.14,35.23,6.62,Polar,Arctic,173,6705.99,93.61
-1.52,21.06,8.4,0.24,38.76,5.61,Polar,Pacific,56,27235.43,82.2
0.08,31.1,8.33,0.2,34.07,5.83,Tropical,Arctic,166,48526.15,54.01
-0.69,2.04,8.24,0.04,39.51,4.78,Temperate,Indian,195,9670.22,61.25
0.76,18.53,7.93,0.16,35.51,7.97,Temperate,Arctic,154,36022.54,92.87
0.04,6.5,7.56,0.45,33.6,8.55,Temperate,Southern,146,37483.36,64.68
0.06,29.71,8.36,0.14,39.83,4.21,Tropical,Atlantic,58,22281.45,99.77
1.34,27.04,7.86,0.01,35.4,7.85,Tropical,Atlantic,84,26919.24,94.44
0.2,6.49,7.84,0.05,32.8,4.98,Polar,Southern,89,25644.21,53.28
0.58,26.41,7.97,0.24,35.37,6.86,Temperate,Indian,62,31119.9,59.78
1.24,5.65,8.01,0.04,38.56,7.19,Temperate,Southern,105,35050.27,64.02
1.09,7.24,8.42,0.38,34.82,8.48,Polar,Indian,185,33270.17,64.33
0.1,25.26,8.35,0.21,31.72,6.89,Polar,Indian,72,17901.93,72.6
0.15,7.54,7.58,0.31,30.25,4.03,Tropical,Arctic,83,48318.16,87.59
0.85,7.99,8.46,0.32,33.02,5.94,Temperate,Southern,166,27750.06,98.77
-0.66,3.32,7.73,0.18,34.55,5.86,Tropical,Atlantic,69,8970.14,77.79
0.84,13.41,7.66,0.05,33.01,9.23,Temperate,Pacific,106,9253.32,79.35
-1.52,33.62,7.88,0.45,38.76,4.28,Tropical,Indian,127,36011.29,55.55
-0.53,3.26,8.2,0.11,37.25,8.91,Polar,Pacific,76,42417.12,61.03
-0.8,32.24,8.28,0.01,38.15,5.19,Temperate,Pacific,197,27570.78,61.21
-1.29,1.22,8.29,0.46,32.43,8.98,Temperate,Indian,109,18325.86,97.61
0.79,24.59,8.26,0.02,32.34,5.81,Polar,Indian,57,12186.25,64.46
-0.42,7.19,7.83,0.16,39.73,8.71,Temperate,Arctic,84,20385.25,66.41
1.42,3.17,8.32,0.2,38.47,4.76,Polar,Atlantic,126,38662.33,86.36
-1.49,13.53,8.16,0.07,34.08,5.19,Temperate,Southern,81,23497.98,57.8
1.48,30.07,7.71,0.34,35.65,6.76,Tropical,Arctic,192,45323.56,83.57
1.14,20.0,8.24,0.29,38.28,5.65,Temperate,Pacific,147,14233.91,51.07
-1.96,34.87,7.65,0.03,32.23,4.05,Temperate,Atlantic,70,10065.35,77.73
1.38,19.54,7.97,0.13,35.89,6.13,Temperate,Arctic,109,25646.77,62.76
-0.9,22.53,7.77,0.04,34.95,6.61,Temperate,Atlantic,100,16145.76,88.18
-1.12,19.27,8.07,0.38,30.87,5.79,Polar,Indian,157,6570.85,57.38
-1.7,5.59,7.79,0.04,32.83,4.1,Polar,Southern,123,14831.66,94.0
1.28,6.1,7.63,0.19,33.09,8.08,Tropical,Atlantic,54,37155.79,97.81
-1.8,25.71,8.12,0.11,37.49,7.19,Tropical,Atlantic,136,41509.51,58.3
0.25,19.64,8.04,0.05,37.07,4.44,Polar,Pacific,181,49673.93,78.3
0.39,0.32,7.55,0.16,35.52,8.21,Polar,Pacific,166,22992.23,58.74
-0.28,9.17,8.13,0.08,38.62,7.2,Temperate,Arctic,172,22103.53,75.31
-0.72,31.48,8.2,0.02,33.28,8.38,Polar,Indian,95,29986.09,59.48
-0.7,29.0,7.6,0.39,32.39,4.84,Tropical,Southern,160,21769.33,63.44
-1.64,32.63,7.93,0.0,35.13,5.88,Polar,Southern,163,5857.92,72.78
0.94,7.56,7.96,0.19,34.21,8.34,Temperate,Southern,165,35897.48,83.77
-1.19,19.94,7.54,0.23,31.79,4.73,Polar,Southern,94,47024.02,93.79
0.52,33.84,8.05,0.04,33.98,9.52,Temperate,Arctic,62,38851.09,99.35
-1.0,3.42,7.81,0.2,38.52,5.5,Tropical,Pacific,96,27925.02,60.19
0.3,33.83,8.24,0.5,37.79,4.98,Tropical,Arctic,69,19019.49,75.22
-0.81,11.83,7.93,0.34,34.28,6.36,Temperate,Atlantic,160,28950.84,96.74
-0.91,20.04,8.12,0.29,35.16,8.72,Temperate,Southern,155,15919.73,85.04
-0.66,26.21,8.38,0.31,37.22,4.99,Polar,Atlantic,106,49764.03,59.77
-0.96,9.37,7.84,0.21,34.22,4.07,Polar,Arctic,160,40574.66,87.04
1.34,14.99,7.71,0.12,36.36,6.45,Tropical,Southern,131,20774.61,90.87
0.19,2.35,7.95,0.4,30.12,9.53,Polar,Arctic,54,38001.28,83.32
1.14,27.41,7.76,0.31,38.5,7.63,Polar,Southern,174,17166.59,97.45
-1.57,3.91,7.99,0.13,33.85,8.54,Temperate,Atlantic,199,28843.08,81.57
-0.22,21.69,7.86,0.31,31.86,8.96,Temperate,Arctic,51,20704.0,57.86
-1.48,22.23,8.27,0.3,36.3,7.66,Temperate,Southern,149,17942.28,78.89
0.47,17.69,8.06,0.22,37.73,4.01,Polar,Arctic,194,9871.45,97.85
-0.11,2.63,8.33,0.47,33.34,8.12,Tropical,Southern,125,30290.01,87.6
0.84,32.97,8.44,0.04,39.47,4.12,Polar,Indian,145,44694.43,98.27
1.32,27.5,8.15,0.42,39.0,4.26,Tropical,Arctic,149,24038.2,62.66
1.33,18.83,7.52,0.11,33.73,7.15,Tropical,Indian,181,12473.27,86.04
1.9,31.5,7.61,0.4,35.8,8.91,Tropical,Pacific,90,21459.08,68.73
-1.11,13.2,8.39,0.27,33.43,5.52,Temperate,Pacific,109,14469.71,64.52
-0.37,31.86,8.1,0.22,32.69,7.59,Tropical,Indian,123,33545.34,74.49
-0.82,16.97,7.76,0.45,36.69,7.82,Temperate,Indian,98,6536.55,52.06
-0.72,27.72,7.54,0.41,30.86,6.89,Tropical,Atlantic,119,44699.09,87.1
1.98,3.99,8.1,0.4,32.96,6.79,Tropical,Arctic,111,22467.69,93.65
1.05,25.12,8.25,0.26,33.55,4.39,Tropical,Arctic,103,10740.51,71.65
1.95,16.14,7.68,0.23,35.5,5.2,Polar,Atlantic,54,46363.71,89.92
-0.58,13.71,8.5,0.15,32.11,4.59,Tropical,Southern,124,26339.0,97.89
-1.39,30.31,7.51,0.38,38.93,8.22,Tropical,Atlantic,156,23213.44,55.63
1.58,25.56,8.37,0.22,36.85,5.03,Polar,Atlantic,180,21559.78,91.76
-0.79,24.51,8.39,0.14,31.15,5.81,Polar,Arctic,98,14749.4,90.54
0.3,32.52,8.3,0.02,35.79,5.3,Temperate,Pacific,74,41929.95,66.8
1.62,15.45,8.1,0.12,33.75,9.89,Temperate,Atlantic,114,47914.25,66.29
1.34,25.61,7.87,0.24,39.63,5.53,Tropical,Arctic,132,33873.39,70.57
0.86,18.09,8.04,0.22,35.84,9.67,Temperate,Atlantic,180,17997.29,70.04
0.82,33.76,7.64,0.35,39.41,6.37,Tropical,Indian,95,10693.99,94.17
-1.84,24.5,7.99,0.17,38.88,9.27,Temperate,Southern,90,15013.03,77.27
-1.54,2.48,7.77,0.28,33.23,8.08,Tropical,Indian,60,42324.63,70.15
-0.14,8.7,8.4,0.06,35.06,7.39,Temperate,Southern,199,8380.58,86.88
-0.6,13.94,7.99,0.16,36.45,4.2,Tropical,Atlantic,114,11952.53,88.99
0.46,2.17,8.34,0.47,39.08,5.18,Tropical,Southern,51,38250.12,64.11
-1.25,13.17,7.8,0.16,34.61,4.7,Tropical,Atlantic,113,25759.82,99.02
-1.61,10.69,7.99,0.39,30.44,7.96,Polar,Pacific,138,22340.16,79.57
0.01,32.65,8.01,0.07,37.03,7.7,Tropical,Southern,146,17933.92,86.36
-0.77,12.75,8.23,0.31,34.79,4.29,Temperate,Indian,105,32650.09,68.7
-0.66,24.97,7.75,0.27,39.37,7.87,Tropical,Pacific,165,44459.82,74.8
1.65,2.14,8.19,0.08,38.94,9.29,Polar,Pacific,65,15649.45,69.09
-1.31,32.62,7.59,0.11,30.71,8.53,Tropical,Indian,102,30353.68,75.81
-0.37,5.52,7.78,0.09,30.9,9.31,Tropical,Arctic,97,43468.79,97.1
0.84,21.14,8.08,0.39,31.45,5.78,Temperate,Southern,83,11454.43,67.86
0.08,5.69,7.59,0.01,30.79,5.81,Polar,Arctic,140,29205.99,88.13
1.95,10.17,8.35,0.38,39.88,8.3,Tropical,Atlantic,186,18909.45,92.1
-0.17,29.48,7.75,0.21,35.61,5.75,Tropical,Southern,140,5396.67,85.63
0.24,12.4,7.51,0.4,36.87,7.05,Polar,Indian,55,20158.22,64.92
-0.15,5.32,8.24,0.16,35.53,4.94,Temperate,Arctic,153,20424.99,99.88
-0.84,6.12,7.83,0.49,38.89,9.87,Temperate,Southern,95,15146.68,56.02
0.74,6.48,7.93,0.09,32.91,9.2,Polar,Southern,62,41202.17,70.79
1.14,31.27,7.66,0.19,32.29,5.04,Temperate,Indian,108,46448.77,64.91
1.25,7.09,7.55,0.11,32.03,9.53,Temperate,Arctic,111,38364.27,53.13
1.61,11.99,7.57,0.28,38.08,8.1,Polar,Indian,77,40608.62,88.07
-1.96,25.18,8.35,0.27,32.12,8.16,Tropical,Atlantic,152,35255.86,85.58
0.19,23.36,8.0,0.35,31.18,8.65,Tropical,Arctic,162,30804.38,78.12
1.2,22.04,8.28,0.48,31.81,8.43,Polar,Pacific,55,13599.79,82.59
-0.2,19.76,7.93,0.11,32.79,5.74,Polar,Atlantic,100,49684.11,56.17
-0.01,22.66,8.46,0.12,37.25,6.26,Polar,Atlantic,52,23147.12,61.09
-0.76,34.87,8.17,0.08,35.39,8.16,Tropical,Indian,190,31687.17,77.08
-1.25,29.15,8.04,0.09,37.07,5.28,Polar,Southern,76,7427.17,57.83
-1.69,26.39,7.94,0.21,39.2,8.11,Temperate,Arctic,159,9195.8,50.23
0.04,25.94,7.6,0.15,36.19,5.21,Temperate,Southern,60,40520.87,98.27
-1.68,20.13,7.55,0.21,34.92,6.51,Tropical,Atlantic,105,46775.63,64.98
-1.92,5.84,8.31,0.25,35.96,5.36,Temperate,Indian,116,25895.27,76.14
0.94,15.91,7.6,0.43,39.99,4.81,Temperate,Southern,139,25929.77,60.83
1.86,18.93,7.61,0.37,35.3,8.31,Temperate,Southern,69,37962.27,78.53
-1.46,9.69,8.35,0.42,34.66,6.86,Polar,Southern,197,44691.56,88.51
-1.36,18.56,7.93,0.41,35.55,9.46,Tropical,Arctic,106,13556.47,70.35
1.02,9.13,7.65,0.19,32.83,4.43,Temperate,Atlantic,112,8944.56,73.0
1.09,33.98,8.15,0.27,36.55,8.75,Tropical,Atlantic,77,47973.04,94.16
0.72,16.61,7.73,0.05,33.15,4.7,Polar,Arctic,129,42551.8,81.0
1.54,16.8,7.92,0.01,35.97,6.97,Temperate,Atlantic,160,35873.78,88.24
0.94,15.35,7.9,0.18,30.98,4.85,Tropical,Pacific,198,10614.39,70.95
-1.3,8.68,8.13,0.45,32.78,4.58,Temperate,Southern,61,46583.69,97.44
0.32,31.62,7.77,0.32,37.45,9.37,Temperate,Indian,73,37017.52,82.3
1.86,0.83,8.32,0.03,33.99,4.96,Tropical,Pacific,168,28969.1,83.7
-0.56,33.14,8.18,0.1,38.36,9.09,Polar,Pacific,89,34720.45,89.24
1.25,9.69,7.73,0.09,32.58,8.43,Temperate,Atlantic,147,5381.48,72.69
-0.52,20.13,7.68,0.18,39.02,5.25,Tropical,Atlantic,102,40656.24,55.5
0.17,18.3,7.82,0.42,38.61,4.79,Temperate,Atlantic,90,45379.35,66.67
1.19,22.3,8.22,0.5,35.33,5.76,Polar,Southern,85,30602.98,66.1
1.47,16.49,8.39,0.31,30.38,6.37,Polar,Southern,197,34988.46,60.15
-1.77,10.88,8.11,0.39,31.49,4.54,Temperate,Southern,104,27639.07,76.13
-0.32,30.28,8.08,0.1,35.64,4.26,Polar,Pacific,155,15340.51,86.25
-0.6,10.71,8.03,0.06,31.12,7.72,Temperate,Atlantic,96,7052.16,78.29
0.78,32.49,8.19,0.04,35.7,5.23,Polar,Indian,132,28317.21,53.35
-0.4,15.51,8.14,0.11,34.37,8.42,Tropical,Arctic,86,22590.27,55.34
-1.24,15.86,8.34,0.41,33.11,4.22,Polar,Southern,173,19461.26,97.02
1.63,1.1,8.48,0.14,35.56,6.88,Polar,Atlantic,101,26604.2,99.7
1.68,5.25,7.83,0.42,36.98,6.54,Tropical,Pacific,78,35245.28,90.71
0.7,19.09,7.81,0.49,38.55,7.54,Polar,Arctic,97,9510.23,73.81
-1.31,22.81,8.01,0.15,34.69,8.65,Tropical,Pacific,151,46472.17,93.33
-0.19,12.86,7.8,0.46,33.22,9.61,Polar,Pacific,76,40523.26,53.21
-0.68,7.79,8.37,0.29,35.68,7.85,Tropical,Indian,189,20339.0,57.25
-0.43,18.2,7.58,0.39,39.71,8.47,Tropical,Pacific,166,19195.86,89.59
0.14,24.24,7.68,0.31,33.43,6.09,Polar,Atlantic,95,24942.55,62.4
0.03,5.37,7.97,0.09,39.35,7.31,Tropical,Indian,51,20209.75,85.68
0.84,13.93,8.42,0.36,32.98,9.96,Tropical,Southern,58,42849.76,89.42
1.2,22.9,7.99,0.35,32.85,5.4,Polar,Atlantic,181,24869.74,81.9
-0.12,7.46,7.6,0.11,34.25,5.34,Temperate,Atlantic,70,49276.1,55.11
-0.36,5.98,8.49,0.29,38.41,5.41,Tropical,Arctic,171,44210.36,65.35
1.07,12.8,8.04,0.44,31.63,9.72,Polar,Pacific,90,22204.66,70.93
1.3,34.76,8.11,0.33,38.4,4.74,Tropical,Atlantic,72,13494.03,66.58
0.26,13.31,8.21,0.35,35.03,9.61,Polar,Arctic,169,26313.06,67.05
0.75,1.52,7.96,0.24,36.31,7.02,Polar,Arctic,74,35007.08,56.38
0.92,16.01,7.6,0.0,33.32,5.04,Polar,Pacific,190,38196.81,79.2
1.15,27.56,7.83,0.05,35.9,4.18,Temperate,Pacific,114,48854.55,71.96
-0.32,33.25,7.77,0.11,34.88,4.48,Temperate,Southern,124,13161.99,58.91
1.96,9.94,7.86,0.05,32.15,7.13,Temperate,Atlantic,105,43450.26,54.95
-0.71,14.55,8.48,0.06,39.59,4.88,Tropical,Atlantic,196,20593.81,75.83
1.58,20.06,7.77,0.32,34.63,9.36,Temperate,Pacific,146,39300.8,63.66
0.68,13.61,7.69,0.08,37.72,8.34,Tropical,Pacific,95,35741.52,75.02
1.95,3.49,7.87,0.42,30.03,4.19,Polar,Pacific,90,11009.91,56.88
-0.17,10.1,8.28,0.43,36.36,7.12,Polar,Arctic,88,26400.06,73.78
-1.56,26.33,7.91,0.1,35.8,7.19,Polar,Arctic,151,16974.02,51.63
-0.51,9.34,8.28,0.09,32.33,8.68,Tropical,Indian,115,7598.29,86.34
-1.23,26.3,7.52,0.14,38.61,6.21,Tropical,Atlantic,99,37478.96,99.79
1.29,0.76,7.86,0.11,33.19,9.2,Temperate,Indian,187,41898.02,78.42
-1.3,9.23,7.55,0.04,32.55,9.18,Temperate,Atlantic,147,7933.09,56.75
1.09,11.01,8.49,0.33,30.11,8.84,Temperate,Pacific,54,44992.66,73.16
-1.83,18.63,7.66,0.36,34.99,5.26,Tropical,Indian,167,22574.99,76.18
0.07,30.39,7.59,0.1,36.78,9.1,Tropical,Atlantic,87,21664.94,65.15
-1.76,14.61,7.93,0.4,31.77,6.58,Polar,Atlantic,117,40999.53,99.58
1.77,9.67,8.27,0.5,33.57,5.71,Tropical,Arctic,59,22420.29,73.29
-1.13,1.9,8.4,0.3,32.43,5.47,Polar,Pacific,99,41288.32,80.9
1.27,29.36,8.37,0.46,30.69,9.16,Tropical,Southern,92,44522.0,90.99
1.43,17.1,7.6,0.03,39.89,8.48,Polar,Atlantic,50,30856.63,88.96
-1.32,5.55,8.17,0.1,39.45,6.43,Temperate,Southern,197,27206.92,70.73
-1.44,27.44,8.11,0.3,32.13,9.07,Tropical,Southern,169,6270.26,96.96
-1.29,21.87,8.02,0.07,36.58,4.06,Temperate,Southern,124,14021.03,58.84
0.5,0.01,8.19,0.22,31.72,8.75,Tropical,Arctic,75,46504.19,73.2
-1.96,30.81,7.99,0.4,30.84,4.74,Tropical,Southern,158,40087.18,75.99
-1.75,22.93,7.89,0.36,32.88,8.75,Tropical,Southern,135,48125.45,68.58
-0.35,30.69,8.48,0.11,35.3,6.1,Tropical,Southern,128,21059.57,80.93
-1.16,16.23,7.88,0.23,37.05,4.85,Tropical,Atlantic,94,42635.3,88.76
1.05,30.29,7.95,0.02,32.25,9.35,Temperate,Pacific,179,7548.52,87.86
0.95,14.26,7.92,0.41,34.08,7.62,Polar,Pacific,77,30036.08,88.46
0.16,17.73,8.46,0.48,31.89,8.92,Polar,Southern,181,29510.16,51.87
0.23,27.33,7.79,0.39,33.23,7.73,Tropical,Pacific,85,45538.95,83.49
0.85,8.96,8.17,0.44,34.07,4.9,Tropical,Pacific,161,49795.75,86.38
-0.12,17.77,8.46,0.35,39.71,8.62,Temperate,Arctic,164,6138.75,50.4
1.7,17.54,7.88,0.38,38.56,6.62,Polar,Pacific,74,38042.34,95.59
-0.38,13.06,8.05,0.44,35.09,7.38,Polar,Atlantic,86,18145.83,92.91
1.97,16.3,8.1,0.26,37.31,4.26,Tropical,Indian,63,33031.85,99.38
0.99,5.09,8.4,0.31,37.5,5.87,Temperate,Arctic,170,6943.87,95.14
-1.81,7.71,7.7,0.18,39.89,4.96,Tropical,Southern,184,14182.0,60.8
1.94,27.88,8.16,0.21,33.76,7.36,Temperate,Arctic,59,5968.05,86.2
0.77,31.69,8.13,0.28,36.67,6.19,Tropical,Pacific,150,32419.06,57.72
-1.16,23.76,8.44,0.14,32.03,6.52,Polar,Pacific,122,22376.09,50.01
0.57,16.02,7.54,0.25,35.66,8.66,Polar,Indian,163,49987.92,72.98
-0.23,1.96,8.17,0.33,33.88,8.78,Tropical,Indian,101,33991.67,81.35
0.01,20.95,7.96,0.34,38.57,7.05,Temperate,Indian,75,5398.44,84.09
0.66,28.36,8.33,0.24,30.29,4.83,Tropical,Southern,135,9176.84,51.19
1.46,33.43,8.4,0.05,35.36,9.54,Tropical,Arctic,101,8202.09,79.08
0.01,29.71,8.36,0.19,32.02,5.99,Polar,Pacific,198,48188.61,89.39
0.6,26.3,7.88,0.2,32.2,8.44,Tropical,Atlantic,68,31192.94,69.89
-0.56,21.57,7.89,0.45,33.85,7.65,Temperate,Arctic,127,13549.43,87.85
-0.79,1.37,7.92,0.13,37.13,4.31,Tropical,Atlantic,134,25666.47,95.27
1.52,27.55,7.53,0.11,36.26,4.65,Temperate,Arctic,154,27724.54,84.91
0.22,32.06,8.27,0.44,39.83,4.74,Tropical,Arctic,145,43000.05,90.88
-0.1,5.94,8.07,0.19,31.66,9.09,Temperate,Atlantic,93,38955.64,86.96
-1.17,9.24,8.42,0.07,36.03,7.66,Polar,Atlantic,100,39282.26,68.72
-1.6,19.47,7.7,0.41,32.31,5.36,Polar,Atlantic,77,27472.69,78.58
0.36,27.37,8.43,0.34,32.48,8.04,Polar,Arctic,71,39794.2,53.53
0.15,18.58,8.47,0.1,31.46,5.21,Temperate,Pacific,169,29616.3,95.41
1.94,27.15,7.89,0.31,38.39,6.35,Polar,Arctic,107,19207.91,59.58
-1.25,28.08,8.3,0.46,37.58,9.38,Polar,Arctic,75,39094.05,77.01
-1.57,8.48,7.73,0.41,32.58,6.53,Polar,Southern,124,33957.79,91.26
1.05,3.28,7.52,0.36,36.94,6.48,Tropical,Pacific,97,41764.75,56.4
1.5,17.34,7.65,0.01,38.27,9.34,Polar,Southern,74,5922.75,88.23
-0.98,14.45,7.54,0.01,33.25,7.87,Temperate,Arctic,104,11669.09,79.06
1.55,7.43,7.97,0.29,34.69,6.51,Tropical,Atlantic,100,48894.82,51.22
0.87,33.08,7.58,0.39,32.53,5.13,Polar,Arctic,54,44078.39,55.94
1.2,28.72,7.81,0.04,37.98,9.38,Tropical,Arctic,59,31566.12,88.35
0.61,23.84,8.34,0.24,30.16,5.71,Polar,Southern,154,47516.19,54.83
0.64,16.14,7.83,0.33,36.08,7.64,Tropical,Arctic,118,11695.72,66.29
1.0,8.72,7.56,0.18,35.74,9.1,Tropical,Arctic,135,21314.56,96.39
1.79,27.51,8.18,0.21,34.96,8.87,Temperate,Pacific,183,44922.07,83.01
-0.97,33.38,8.04,0.2,30.31,7.85,Tropical,Indian,185,13682.3,80.6
-1.41,21.36,8.35,0.43,38.97,6.52,Polar,Pacific,101,37663.44,52.81
-0.44,24.47,7.56,0.07,34.74,5.27,Polar,Arctic,197,22864.99,87.59
0.46,27.24,7.56,0.1,35.08,4.41,Tropical,Southern,110,33259.41,85.63
-0.23,2.63,7.79,0.18,31.5,6.61,Tropical,Southern,185,45902.93,97.44
-0.62,28.66,7.74,0.26,36.34,9.78,Temperate,Arctic,173,10102.55,81.38
-0.77,20.72,7.91,0.45,37.33,9.7,Temperate,Indian,58,20602.38,60.3
-2.0,6.16,8.49,0.01,33.73,8.54,Temperate,Atlantic,148,7345.49,78.41
0.16,32.72,7.92,0.11,38.06,9.57,Polar,Arctic,143,24425.48,98.71
1.23,24.99,8.07,0.27,37.82,7.96,Tropical,Indian,198,18095.53,96.8
-0.32,2.42,8.06,0.25,39.73,5.77,Temperate,Atlantic,125,6427.73,57.99
0.81,20.3,8.07,0.05,30.23,5.79,Polar,Indian,166,41745.9,70.04
-0.07,29.68,7.92,0.06,38.83,6.33,Tropical,Southern,89,23031.7,94.18
-0.78,14.84,7.65,0.33,39.31,4.47,Temperate,Southern,50,39453.12,50.92
-0.66,22.87,8.0,0.47,39.34,4.98,Temperate,Atlantic,183,6980.07,59.11
0.81,10.56,8.45,0.16,36.76,9.96,Tropical,Atlantic,139,37514.52,78.72
1.94,2.02,8.2,0.18,37.8,9.36,Polar,Arctic,114,34402.03,57.02
-1.09,19.86,8.35,0.48,35.22,6.42,Tropical,Atlantic,68,10184.8,56.0
0.16,28.27,7.88,0.25,38.93,7.46,Tropical,Atlantic,196,12481.81,74.83
0.19,3.42,8.24,0.08,34.73,8.9,Temperate,Indian,61,28934.75,71.74
-1.22,13.56,8.08,0.34,32.63,9.62,Tropical,Pacific,117,43356.92,80.5
1.39,14.5,7.85,0.33,33.4,7.66,Temperate,Southern,186,42175.96,86.61
-1.81,20.88,7.65,0.24,30.0,9.55,Tropical,Southern,151,35579.41,51.59
1.21,7.72,7.67,0.23,30.48,4.48,Tropical,Arctic,158,16075.24,82.82
-1.51,12.48,8.11,0.22,31.77,7.83,Temperate,Pacific,126,21980.79,54.68
1.1,8.28,8.16,0.47,32.85,7.09,Tropical,Indian,129,35351.11,50.83
1.7,22.72,7.94,0.28,32.83,4.69,Polar,Arctic,152,45038.08,64.83
-1.76,1.29,7.62,0.02,32.34,9.92,Polar,Pacific,94,24316.34,98.58
1.8,17.04,7.68,0.38,30.91,8.89,Polar,Atlantic,191,18227.43,95.03
0.23,10.0,7.97,0.23,35.14,6.59,Tropical,Pacific,55,6366.94,98.04
1.67,30.76,8.43,0.32,37.78,6.77,Temperate,Atlantic,200,8806.49,62.29
1.34,10.77,8.13,0.04,39.58,7.78,Polar,Atlantic,135,15570.08,80.63
-1.7,14.0,7.96,0.39,38.2,6.05,Tropical,Indian,171,27031.89,90.52
-0.97,7.17,7.6,0.35,37.01,9.67,Polar,Pacific,168,20333.21,82.22
-1.0,7.31,7.58,0.42,39.78,5.33,Temperate,Pacific,124,36236.47,57.25
-0.84,15.98,8.33,0.27,37.42,9.24,Tropical,Arctic,178,30527.99,69.32
0.06,13.65,8.26,0.18,35.49,9.65,Tropical,Arctic,106,48214.85,68.84
-1.52,21.9,8.13,0.36,30.92,6.84,Polar,Southern,127,17494.07,68.09
0.93,25.31,7.59,0.05,34.0,8.1,Tropical,Southern,85,49165.47,58.36
-1.6,31.3,8.44,0.38,37.82,5.13,Tropical,Pacific,74,13974.51,59.9
1.35,15.9,7.57,0.32,30.29,5.01,Polar,Pacific,157,10796.92,69.1
0.62,21.73,8.11,0.42,36.52,4.18,Polar,Atlantic,158,6710.64,91.21
-1.43,31.46,7.91,0.2,33.09,5.5,Tropical,Atlantic,180,41748.67,92.81
1.61,31.57,8.45,0.03,39.6,7.07,Temperate,Pacific,130,13614.99,61.72
-1.59,9.51,8.07,0.35,31.67,8.31,Polar,Arctic,113,6981.04,89.31
-0.01,20.8,7.98,0.23,38.22,4.36,Temperate,Atlantic,166,32018.4,53.95
0.36,2.41,8.49,0.01,34.16,7.62,Tropical,Atlantic,88,10455.17,85.27
1.13,31.36,8.36,0.29,32.81,9.66,Tropical,Pacific,105,8814.16,83.47
1.73,6.15,8.35,0.01,35.11,7.81,Tropical,Southern,62,33841.22,69.95
-1.73,27.37,8.26,0.44,34.64,8.18,Tropical,Southern,126,46346.89,97.19
-1.62,8.51,8.1,0.03,38.32,8.75,Tropical,Pacific,129,7769.29,56.25
-1.02,15.46,7.96,0.06,38.2,8.34,Temperate,Pacific,120,30339.53,57.47
0.54,27.89,7.7,0.33,34.03,9.86,Tropical,Pacific,195,15588.82,52.9
-0.04,11.32,8.14,0.45,35.8,5.62,Tropical,Arctic,163,23110.93,55.78
-1.22,33.7,7.52,0.15,31.49,5.29,Polar,Atlantic,111,40087.45,96.07
1.78,12.91,8.07,0.23,32.25,6.42,Temperate,Pacific,144,36548.41,86.32
0.58,14.95,7.89,0.1,32.95,8.57,Tropical,Pacific,146,44827.23,91.11
-1.08,22.66,7.74,0.34,31.1,9.01,Tropical,Atlantic,84,38686.64,75.51
-1.61,10.1,7.91,0.27,34.9,5.43,Temperate,Southern,192,26405.65,88.62
1.96,10.07,8.13,0.45,34.01,4.39,Temperate,Atlantic,130,15110.49,91.19
1.47,1.38,8.17,0.44,38.68,9.35,Polar,Arctic,200,16928.13,73.18
1.36,0.92,7.95,0.31,32.31,4.01,Polar,Southern,132,32681.49,68.43
0.23,17.5,8.29,0.34,38.04,6.71,Polar,Indian,159,12880.73,99.44
0.47,21.63,8.19,0.22,34.35,5.7,Tropical,Arctic,123,10986.45,90.69
1.81,1.35,7.92,0.42,39.38,8.62,Tropical,Pacific,105,24629.21,89.71
-0.76,19.3,7.6,0.15,35.01,4.88,Polar,Atlantic,67,44403.4,81.08
-0.56,24.21,7.58,0.12,36.19,7.74,Polar,Indian,175,41324.18,65.77
0.78,13.45,7.69,0.26,37.23,7.72,Polar,Arctic,139,14916.14,96.34
0.94,8.83,7.7,0.44,34.89,4.12,Tropical,Pacific,93,23889.48,76.68
-1.58,14.61,8.24,0.01,31.01,6.48,Tropical,Arctic,86,49483.89,74.24
0.53,5.45,7.54,0.16,31.65,4.11,Tropical,Pacific,116,15868.31,62.64
-1.22,0.15,8.37,0.12,39.06,6.31,Temperate,Arctic,93,19060.99,95.21
0.36,18.34,8.32,0.36,33.24,6.8,Polar,Indian,133,28578.37,77.45
1.77,15.33,7.99,0.39,32.67,5.75,Temperate,Atlantic,119,31541.75,79.26
1.53,2.71,8.18,0.32,34.76,8.15,Temperate,Indian,198,12572.11,99.11
-0.37,16.09,8.02,0.3,30.5,7.82,Tropical,Southern,158,9073.43,73.86
1.57,19.55,7.77,0.19,39.77,6.48,Temperate,Pacific,64,40702.42,94.09
0.73,12.57,7.61,0.37,35.99,7.23,Temperate,Pacific,57,35873.97,61.97
0.44,26.5,7.6,0.19,33.79,6.36,Tropical,Indian,150,22553.56,77.8
-0.03,30.04,7.64,0.15,35.43,4.5,Tropical,Arctic,176,5636.41,59.99
-0.71,34.85,7.66,0.31,37.31,4.91,Temperate,Arctic,75,45573.2,50.89
0.63,2.87,7.75,0.46,34.67,9.15,Tropical,Southern,102,14516.47,93.32
-0.73,24.92,7.91,0.4,37.86,5.05,Polar,Pacific,87,5451.68,90.33
1.88,22.05,8.47,0.06,39.53,9.71,Tropical,Atlantic,175,15207.33,67.22
-0.02,16.04,7.59,0.18,35.95,6.65,Tropical,Southern,102,21296.38,90.17
1.92,11.52,8.25,0.17,33.68,9.58,Temperate,Arctic,178,41783.45,66.69
1.02,14.44,8.25,0.39,33.51,5.6,Tropical,Pacific,197,38182.99,63.16
-0.46,19.3,8.31,0.41,39.88,4.27,Temperate,Southern,170,6316.45,55.0
-1.44,24.33,7.83,0.37,39.76,9.12,Tropical,Southern,69,11786.69,71.03
-1.31,9.92,7.93,0.36,39.69,9.35,Polar,Atlantic,72,42697.82,79.03
-0.88,19.19,8.27,0.09,34.13,5.74,Tropical,Pacific,122,10453.9,55.74
-0.35,12.08,8.05,0.32,37.84,8.64,Tropical,Southern,61,37746.51,71.47
1.96,6.28,7.97,0.04,38.87,4.42,Polar,Indian,60,8941.1,54.84
1.52,8.01,7.74,0.39,32.54,8.6,Tropical,Pacific,165,33836.85,99.38
1.5,2.61,7.79,0.34,33.8,5.48,Polar,Atlantic,167,8757.77,90.38
0.1,7.39,8.4,0.13,34.61,9.67,Temperate,Atlantic,172,14454.5,89.7
0.08,21.88,7.84,0.2,30.82,4.24,Polar,Arctic,76,40668.7,67.75
-1.46,17.27,7.74,0.18,30.89,9.81,Tropical,Arctic,80,45126.0,88.79
-0.59,24.44,8.28,0.37,36.28,9.64,Polar,Atlantic,126,26941.45,82.75
-0.43,30.47,7.9,0.36,38.89,4.24,Temperate,Atlantic,152,33336.06,67.27
-1.29,24.31,7.92,0.38,30.31,7.92,Temperate,Southern,104,22431.48,61.12
-0.77,19.73,7.68,0.13,35.62,7.64,Temperate,Atlantic,58,7323.57,85.11
0.08,22.8,7.6,0.19,30.31,9.1,Tropical,Arctic,184,34260.94,79.25
0.28,28.7,7.88,0.01,37.07,6.26,Polar,Pacific,110,16653.8,64.46
-0.85,32.24,8.05,0.05,35.83,5.6,Temperate,Indian,72,30007.79,71.88
-0.17,0.48,8.22,0.2,39.57,8.65,Tropical,Arctic,140,9191.26,52.97
-0.08,24.18,8.15,0.43,35.39,6.71,Polar,Pacific,120,39572.49,50.12
-1.73,34.59,7.56,0.0,36.16,5.27,Polar,Indian,66,33172.18,96.93
-1.75,17.89,8.17,0.38,34.14,8.67,Polar,Southern,120,11353.31,58.92
-0.96,0.53,8.19,0.27,32.63,5.93,Temperate,Arctic,162,8359.85,74.14
0.09,31.79,7.92,0.27,33.07,8.21,Polar,Southern,100,24394.38,91.22
-0.37,31.63,8.27,0.11,35.1,7.77,Temperate,Arctic,152,33596.48,96.92
0.03,18.97,8.33,0.31,34.13,5.68,Polar,Indian,147,49537.83,92.19
1.52,14.16,7.74,0.36,35.04,7.22,Temperate,Indian,152,48090.46,92.19
-1.07,7.31,7.67,0.44,36.08,8.09,Tropical,Southern,102,24982.62,65.91
1.76,11.06,7.75,0.14,37.45,5.95,Polar,Southern,149,35202.36,71.93
-1.74,14.13,7.55,0.02,37.17,9.84,Temperate,Southern,198,48772.7,60.29
1.02,21.02,8.43,0.03,36.51,4.99,Polar,Southern,187,22680.04,60.71
1.67,6.56,8.37,0.16,34.13,9.62,Tropical,Atlantic,50,46872.2,57.68
-0.22,31.02,7.64,0.13,34.45,4.41,Polar,Indian,174,5942.47,68.11
-0.22,34.36,7.71,0.35,36.96,5.93,Polar,Southern,148,31504.61,95.46
-0.64,8.33,7.97,0.21,39.82,7.27,Temperate,Indian,52,44911.53,93.7
-0.66,6.97,7.79,0.1,38.74,9.88,Polar,Atlantic,85,25417.94,70.26
-1.96,23.46,8.22,0.39,39.46,9.37,Temperate,Arctic,186,14128.08,56.22
-1.3,9.37,7.76,0.44,38.16,9.1,Temperate,Pacific,74,14894.34,85.69
0.68,0.44,8.22,0.12,33.83,8.66,Tropical,Southern,164,41093.86,68.47
-0.68,15.54,7.53,0.21,33.3,5.19,Temperate,Atlantic,198,29855.37,55.99
-1.25,8.88,7.81,0.04,39.55,7.77,Polar,Indian,100,47493.4,80.27
0.16,29.88,8.08,0.03,38.37,4.23,Polar,Atlantic,115,32954.51,78.6
1.55,19.8,7.87,0.06,33.91,8.6,Temperate,Atlantic,85,45343.53,80.27
0.97,34.76,7.7,0.17,33.44,8.59,Tropical,Pacific,164,29353.65,56.31
-1.11,17.13,7.82,0.4,32.26,6.68,Polar,Pacific,113,5483.6,77.68
-1.88,3.41,7.52,0.27,31.28,8.5,Polar,Atlantic,156,33132.69,83.41
-0.26,29.32,7.79,0.12,31.02,9.54,Tropical,Atlantic,161,19102.19,91.53
-1.41,32.3,8.44,0.14,35.01,4.72,Polar,Pacific,107,29406.69,63.24
0.67,21.64,7.91,0.48,34.77,6.85,Polar,Arctic,200,48148.31,91.85
-1.56,6.37,8.42,0.22,32.52,5.06,Tropical,Southern,119,26039.3,59.58
-1.24,11.13,8.47,0.13,39.82,6.4,Polar,Atlantic,147,28918.13,91.17
-0.54,8.59,8.3,0.32,32.25,5.07,Polar,Atlantic,84,43778.41,60.32
0.04,20.8,8.45,0.39,30.43,5.24,Polar,Arctic,145,34235.63,86.66
1.76,8.86,8.15,0.19,35.67,4.49,Temperate,Atlantic,121,37354.65,54.65
-1.97,26.35,7.66,0.37,31.89,4.02,Temperate,Arctic,172,39045.06,68.23
-0.18,15.3,8.28,0.11,35.75,6.53,Polar,Atlantic,58,39672.46,63.59
1.0,29.77,8.27,0.08,32.96,5.91,Polar,Atlantic,119,35994.3,82.94
1.85,15.4,7.61,0.36,35.78,6.31,Polar,Atlantic,146,32879.34,88.5
1.21,29.17,8.27,0.42,37.73,6.98,Tropical,Atlantic,92,17593.4,93.91
-0.43,29.89,7.79,0.35,32.44,5.73,Temperate,Arctic,76,37630.8,92.12
1.3,20.15,8.13,0.35,39.96,6.3,Temperate,Indian,107,35076.81,50.82
-0.35,20.19,7.99,0.22,31.45,8.94,Temperate,Indian,196,7681.5,89.02
0.31,28.1,7.57,0.27,35.65,9.95,Polar,Indian,80,8353.54,72.06
0.42,18.89,7.56,0.22,35.34,4.19,Temperate,Arctic,60,6597.9,76.4
0.75,21.09,7.94,0.36,31.32,5.86,Temperate,Pacific,135,23714.72,98.67
1.21,33.66,7.97,0.01,38.11,9.25,Temperate,Indian,84,33906.99,64.93
-1.37,32.42,7.87,0.19,31.48,4.56,Tropical,Arctic,80,9392.25,51.84
0.43,32.88,8.35,0.15,32.71,9.74,Tropical,Southern,62,41429.12,58.43
-0.95,12.79,8.05,0.24,38.21,4.95,Temperate,Arctic,81,28354.85,65.03
0.78,8.21,8.42,0.42,30.94,9.23,Tropical,Pacific,93,34721.1,84.47
-1.12,13.83,8.13,0.17,32.79,5.11,Polar,Pacific,168,43232.28,69.36
-0.59,4.75,7.58,0.4,39.21,4.95,Tropical,Indian,59,29057.79,67.51
1.94,1.12,7.97,0.31,31.73,7.08,Polar,Arctic,132,5484.15,78.05
-0.27,13.02,8.31,0.17,37.44,9.5,Tropical,Pacific,115,45185.51,82.99
1.27,29.01,7.88,0.27,35.53,6.56,Tropical,Southern,76,36736.09,54.5
0.61,28.14,7.86,0.46,36.19,4.07,Tropical,Indian,115,42728.51,58.01
-1.71,21.07,7.63,0.14,38.02,8.96,Temperate,Pacific,178,42149.1,90.81
0.62,21.54,8.14,0.29,38.98,9.67,Tropical,Arctic,126,27699.6,63.36
-1.49,13.19,7.51,0.12,39.35,7.74,Temperate,Arctic,55,18065.89,59.12
-0.09,2.45,8.39,0.04,35.08,9.48,Temperate,Pacific,107,29673.1,64.83
-1.2,23.59,7.84,0.08,37.64,6.45,Tropical,Indian,142,46053.76,64.2
0.31,26.89,7.83,0.37,35.27,7.58,Polar,Pacific,137,15945.7,88.71
-1.04,25.85,7.67,0.22,35.33,4.23,Temperate,Arctic,55,5588.34,72.28
-1.26,9.46,7.57,0.09,31.76,9.39,Polar,Indian,165,29987.62,57.21
0.1,17.14,8.22,0.47,34.07,8.03,Polar,Arctic,104,41368.22,91.8
0.57,22.29,8.24,0.37,34.7,9.41,Polar,Southern,178,26544.74,78.37
-0.3,14.97,8.3,0.29,31.81,6.28,Polar,Arctic,149,46998.3,81.23
-1.06,30.12,8.48,0.02,35.03,9.68,Polar,Indian,188,18127.02,64.33
0.25,25.05,7.73,0.49,30.96,9.79,Polar,Arctic,184,14365.81,76.89
0.39,14.03,8.26,0.48,34.53,5.54,Polar,Atlantic,75,13981.36,69.9
1.31,29.7,8.32,0.03,38.38,6.9,Temperate,Southern,137,16114.15,53.58
1.96,24.28,8.49,0.49,37.72,9.67,Tropical,Pacific,110,46945.61,94.22
-0.37,8.2,8.23,0.42,34.28,5.03,Temperate,Atlantic,58,7946.1,61.96
0.29,3.29,8.09,0.21,38.31,8.89,Tropical,Atlantic,173,14357.63,67.54
1.21,17.99,8.22,0.03,33.05,6.25,Polar,Southern,149,45064.35,96.13
-0.99,26.63,8.44,0.13,31.69,5.0,Temperate,Atlantic,64,34569.58,67.38
0.85,25.46,7.72,0.37,33.2,5.3,Polar,Arctic,163,33285.35,65.49
-1.61,9.29,8.03,0.04,35.43,5.39,Polar,Arctic,146,12409.22,97.24
-1.18,23.39,7.89,0.42,38.78,4.03,Polar,Indian,53,14749.88,88.58
-0.78,17.99,8.17,0.11,32.38,8.97,Polar,Southern,97,37048.87,74.48
0.81,9.57,7.53,0.32,32.47,7.06,Tropical,Atlantic,136,11709.4,74.54
-1.4,10.22,7.56,0.18,31.87,7.05,Temperate,Indian,81,5383.3,67.1
-1.18,5.79,8.32,0.15,34.87,7.83,Polar,Southern,79,20854.73,52.22
-0.08,9.25,8.22,0.37,36.68,7.94,Temperate,Indian,110,35256.09,91.66
-0.25,18.47,7.58,0.49,39.35,5.57,Temperate,Pacific,129,48769.27,65.47
0.07,6.15,8.15,0.02,34.95,6.34,Temperate,Arctic,107,14141.49,81.52
-1.51,3.05,7.58,0.04,34.61,9.96,Tropical,Pacific,69,14431.65,84.9
-0.83,6.77,7.8,0.17,36.15,7.05,Temperate,Indian,104,21799.74,62.68
-0.94,9.1,7.63,0.12,37.2,4.22,Tropical,Indian,159,34136.16,78.25
1.16,31.15,7.52,0.02,33.05,8.84,Temperate,Arctic,73,44752.83,86.47
-1.94,8.9,8.01,0.26,35.27,7.74,Tropical,Southern,145,42883.53,87.5
-0.72,25.85,8.18,0.4,38.47,5.87,Temperate,Atlantic,113,37275.23,98.39
0.81,24.2,8.07,0.18,30.68,7.96,Temperate,Pacific,172,9317.2,53.33
1.3,13.36,8.45,0.08,32.12,5.17,Polar,Arctic,197,44753.63,61.01
0.12,6.11,7.98,0.25,37.22,5.94,Tropical,Pacific,148,49121.44,61.08
1.91,21.29,8.15,0.16,39.14,7.69,Polar,Atlantic,120,18757.02,88.22
1.43,11.6,7.55,0.23,35.1,8.02,Temperate,Arctic,53,15125.45,76.83
-0.76,19.16,7.82,0.47,30.73,6.76,Temperate,Pacific,150,6899.25,92.91
-1.94,31.88,7.74,0.46,31.67,7.73,Tropical,Indian,97,45775.74,80.6
-0.55,13.4,7.88,0.37,35.85,9.03,Tropical,Indian,107,5512.24,56.57
-0.35,6.94,7.69,0.2,31.52,5.13,Tropical,Indian,163,7193.08,83.78
-1.21,2.27,7.83,0.17,30.69,5.56,Polar,Southern,183,28830.82,57.71
-1.82,5.3,7.79,0.06,37.23,4.98,Temperate,Indian,55,44733.85,84.32
-1.1,3.9,8.47,0.39,34.56,7.08,Polar,Arctic,101,17100.42,93.43
0.3,18.97,8.36,0.18,38.97,4.55,Polar,Southern,199,14316.99,54.88
1.1,28.6,8.35,0.0,34.4,8.77,Polar,Southern,65,22080.33,71.61
0.0,19.8,7.56,0.08,39.56,5.13,Temperate,Southern,120,27489.99,77.62
-1.11,4.12,8.09,0.27,33.19,9.91,Temperate,Atlantic,117,5485.31,85.59
-0.46,18.37,7.76,0.41,37.21,4.12,Tropical,Indian,145,32954.52,66.01
-1.4,22.96,8.47,0.28,30.61,4.4,Temperate,Pacific,58,48943.7,99.76
1.17,9.05,8.05,0.17,36.4,4.73,Polar,Indian,64,19664.09,51.09
1.84,12.56,8.47,0.5,30.27,9.38,Temperate,Southern,160,12444.51,75.11
0.64,2.32,7.79,0.36,30.42,4.66,Polar,Southern,130,7528.54,97.1
-0.58,26.03,7.99,0.31,39.07,9.36,Temperate,Atlantic,109,16243.15,91.99
-0.07,32.28,7.88,0.11,35.44,5.53,Polar,Indian,159,29135.45,73.22
-1.4,15.47,7.92,0.4,31.1,9.98,Tropical,Southern,134,23317.4,67.97
0.33,24.35,8.25,0.42,37.04,8.25,Tropical,Pacific,164,18140.83,66.35
0.66,28.88,7.87,0.04,30.8,9.81,Tropical,Arctic,171,22617.49,68.95
-0.94,18.35,8.37,0.44,38.91,9.27,Tropical,Atlantic,127,15090.16,95.2
1.99,13.75,7.78,0.34,33.82,7.75,Polar,Arctic,151,12229.03,57.93
1.88,11.5,8.48,0.39,30.29,4.59,Tropical,Arctic,112,49798.75,74.03
0.61,5.01,7.61,0.08,30.12,5.65,Temperate,Atlantic,56,13235.11,52.13
0.42,31.17,7.82,0.18,34.36,7.18,Temperate,Arctic,107,26473.42,66.75
-1.03,0.81,7.86,0.18,30.99,4.05,Temperate,Indian,159,7201.78,76.45
-1.14,6.21,8.14,0.41,30.93,5.74,Polar,Southern,156,27047.71,93.71
-0.19,19.98,8.01,0.25,32.02,6.97,Polar,Indian,84,17972.66,53.36
1.54,9.37,8.08,0.26,39.07,9.78,Tropical,Arctic,80,19385.92,78.34
0.63,31.57,8.03,0.46,32.34,6.95,Tropical,Arctic,138,16678.67,89.94
0.81,21.44,7.61,0.31,31.56,5.56,Polar,Arctic,153,10837.36,98.38
-0.96,2.29,7.61,0.44,32.77,6.38,Tropical,Pacific,181,25344.3,82.35
1.78,12.66,8.38,0.12,37.26,5.57,Polar,Pacific,78,9521.41,62.09
1.82,13.11,8.45,0.49,33.49,7.19,Polar,Atlantic,81,14940.95,78.05
-0.68,20.28,7.71,0.48,31.4,5.86,Temperate,Atlantic,126,11584.57,78.8
1.13,0.55,8.03,0.24,37.43,5.87,Tropical,Pacific,175,47519.31,97.23
-1.4,27.62,8.46,0.28,30.41,7.77,Temperate,Atlantic,129,36892.06,72.16
-1.43,12.18,8.04,0.38,34.68,6.17,Tropical,Pacific,185,35894.52,58.89
-0.91,15.31,8.41,0.02,39.38,6.85,Temperate,Atlantic,115,45699.55,97.83
-1.91,18.42,7.68,0.28,30.75,9.27,Tropical,Arctic,200,17147.7,79.18
1.48,23.27,7.89,0.34,32.29,9.73,Temperate,Atlantic,132,42372.84,58.42
-0.45,20.59,8.39,0.14,30.0,5.98,Temperate,Southern,120,31513.94,88.33
-0.85,17.22,8.19,0.34,34.13,5.63,Polar,Pacific,108,26643.48,71.33
0.81,33.36,8.23,0.49,33.49,5.85,Tropical,Pacific,182,42283.05,69.93
0.38,6.44,7.6,0.25,32.22,4.71,Temperate,Pacific,167,41247.28,52.54
-1.72,1.7,7.97,0.12,37.67,9.31,Polar,Pacific,139,16817.54,85.16
-1.58,2.63,8.18,0.05,31.74,4.17,Temperate,Indian,150,44181.57,75.05
1.52,0.36,8.31,0.24,35.73,4.18,Tropical,Atlantic,163,46403.06,65.07
-1.44,19.04,8.03,0.29,37.56,5.45,Tropical,Pacific,101,19424.81,54.15
0.71,28.43,8.05,0.33,38.95,5.26,Polar,Pacific,156,25227.79,54.32
1.93,13.39,8.01,0.0,32.65,8.56,Temperate,Pacific,159,47982.95,97.54
0.94,17.67,7.82,0.14,38.74,7.26,Tropical,Arctic,110,21844.28,86.44
-0.01,23.36,7.58,0.14,38.39,6.37,Temperate,Southern,85,12265.23,64.67
1.8,11.25,8.5,0.45,34.64,9.76,Polar,Atlantic,68,48145.74,78.45
0.09,29.41,7.68,0.13,33.94,7.55,Tropical,Southern,184,21848.49,96.6
-0.96,12.03,8.38,0.33,31.61,6.63,Tropical,Atlantic,110,49725.51,89.89
-1.82,10.66,7.94,0.07,33.56,9.16,Temperate,Arctic,155,42359.67,81.98
0.03,32.9,8.15,0.39,30.72,7.99,Temperate,Indian,171,35461.92,65.17
1.12,33.21,7.64,0.23,31.54,5.61,Tropical,Atlantic,137,43973.62,69.22
-0.78,5.76,8.37,0.31,39.89,9.55,Polar,Indian,91,11078.43,88.01
1.18,32.3,8.35,0.38,31.55,9.49,Temperate,Arctic,101,12899.85,52.97
0.91,7.4,8.32,0.49,31.23,8.89,Polar,Indian,102,7481.9,69.13
-1.29,12.3,8.39,0.21,34.74,9.83,Polar,Indian,188,38579.0,54.99
-0.69,14.62,8.16,0.31,37.99,9.74,Tropical,Southern,114,26684.3,57.44
-0.99,8.23,8.35,0.03,31.29,7.29,Tropical,Arctic,159,5547.73,86.75
-1.6,7.22,8.22,0.14,34.63,5.73,Polar,Atlantic,72,12176.4,75.84
-1.01,4.08,7.76,0.12,37.56,8.55,Tropical,Pacific,134,21795.98,91.43
0.86,4.57,7.83,0.02,31.91,6.59,Temperate,Arctic,171,7850.75,65.21
-0.61,0.51,8.1,0.45,33.17,7.66,Temperate,Atlantic,68,25259.27,50.74
1.15,1.39,8.18,0.03,37.26,7.42,Temperate,Atlantic,145,33772.55,54.86
-0.73,1.05,8.03,0.27,32.98,8.63,Temperate,Arctic,188,41955.47,85.2
1.0,24.04,8.4,0.18,37.25,7.95,Temperate,Arctic,142,26827.19,64.4
0.57,17.29,7.66,0.3,37.75,8.55,Temperate,Pacific,77,10179.58,82.62
-0.06,28.51,8.14,0.16,35.63,6.66,Tropical,Atlantic,165,34647.25,66.32
-0.93,22.42,7.95,0.03,31.06,7.89,Polar,Indian,168,16360.95,87.8
1.21,8.88,7.78,0.31,37.36,7.65,Temperate,Southern,184,44091.43,52.01
-0.93,18.72,8.07,0.02,36.38,9.04,Tropical,Pacific,67,38758.87,52.69
0.02,9.49,8.03,0.31,30.77,4.51,Polar,Southern,104,26705.3,92.1
-0.35,18.68,7.58,0.06,32.48,8.24,Temperate,Arctic,52,15645.0,68.16
-1.7,6.72,7.72,0.02,34.18,7.55,Temperate,Atlantic,190,41968.34,58.79
-1.12,14.85,8.41,0.15,37.38,5.11,Polar,Pacific,156,35146.14,56.75
1.24,2.3,8.18,0.04,39.06,6.87,Temperate,Atlantic,53,12850.44,89.19
0.11,17.72,8.25,0.01,30.9,5.97,Temperate,Arctic,53,45996.08,58.29
-0.66,17.14,7.98,0.24,35.85,4.97,Tropical,Atlantic,55,19370.16,87.97
1.3,23.11,7.5,0.18,35.6,9.35,Polar,Atlantic,188,36451.23,89.85
-0.59,10.3,8.32,0.16,33.01,7.11,Tropical,Atlantic,143,11438.9,88.14
-1.05,28.16,7.73,0.03,36.5,5.33,Temperate,Pacific,150,39261.41,50.54
0.97,6.97,8.25,0.41,30.54,8.77,Tropical,Southern,125,22348.37,53.66
-0.84,7.43,8.4,0.29,36.69,4.62,Polar,Southern,199,44101.57,57.74
1.02,5.45,8.11,0.46,39.37,4.23,Polar,Southern,189,32436.45,50.27
-0.06,17.68,7.74,0.16,36.85,6.29,Temperate,Southern,115,20194.0,87.72
-1.05,20.97,8.02,0.19,34.27,7.01,Tropical,Indian,76,37877.93,82.95
-0.29,20.98,7.54,0.21,37.54,5.43,Tropical,Southern,164,23245.58,96.54
-0.26,17.35,8.18,0.02,31.54,9.42,Tropical,Atlantic,146,14903.4,58.39
-0.46,8.89,7.69,0.14,34.58,7.29,Temperate,Arctic,64,27615.12,98.55
-0.53,10.32,8.22,0.41,36.39,5.72,Tropical,Arctic,99,15892.12,58.39
-0.65,7.61,8.18,0.2,39.65,4.37,Temperate,Atlantic,145,32744.66,89.8
0.45,25.49,8.39,0.37,34.93,5.23,Tropical,Pacific,81,41257.02,91.75
1.21,6.84,8.18,0.24,30.56,5.9,Tropical,Pacific,155,47875.13,97.01
-0.94,19.38,7.52,0.37,30.32,4.06,Tropical,Southern,76,38649.02,68.21
0.22,24.13,8.08,0.45,35.04,6.5,Temperate,Southern,50,5722.41,52.21
1.56,1.46,7.65,0.21,31.59,8.73,Temperate,Indian,101,20255.67,60.5
-1.18,27.9,8.26,0.34,31.36,7.74,Temperate,Southern,98,39926.96,87.8
-0.89,10.5,7.83,0.41,34.12,8.47,Polar,Pacific,58,44904.33,66.7
0.53,25.24,8.14,0.42,33.49,7.47,Polar,Arctic,171,17159.23,91.89
-0.26,1.31,8.48,0.47,30.51,5.32,Temperate,Southern,190,20498.7,70.53
1.18,21.04,7.87,0.15,38.47,6.12,Temperate,Indian,76,13915.21,55.31
-0.41,27.98,8.23,0.12,30.36,4.16,Tropical,Pacific,57,44426.01,75.81
0.62,3.62,7.73,0.13,34.99,6.69,Tropical,Southern,179,11460.85,79.8
-1.27,17.43,7.82,0.06,35.96,7.34,Temperate,Pacific,127,9958.93,60.32
0.05,22.35,8.02,0.12,38.1,6.29,Polar,Atlantic,121,15382.17,56.04
-1.02,6.18,8.4,0.46,30.98,9.21,Polar,Indian,72,48564.03,94.48
-1.62,15.77,7.86,0.26,33.76,7.29,Temperate,Arctic,183,49160.71,55.84
1.5,34.02,7.93,0.41,35.44,8.67,Temperate,Southern,121,25086.03,96.56
-0.76,23.83,7.79,0.11,34.72,4.03,Temperate,Southern,193,12122.26,51.42
-0.94,25.06,8.35,0.3,37.51,7.05,Tropical,Atlantic,85,15442.49,75.12
-1.94,0.19,7.63,0.17,35.32,6.86,Tropical,Arctic,51,37472.46,64.98
-0.16,33.75,7.64,0.43,33.59,9.45,Temperate,Indian,125,24411.31,54.5
-0.61,20.74,8.0,0.42,38.07,4.85,Tropical,Southern,50,25082.84,71.06
1.94,7.98,8.35,0.4,36.51,9.37,Tropical,Indian,97,42800.13,76.73
1.88,12.56,7.79,0.01,35.95,7.28,Tropical,Indian,151,37548.84,59.53
-0.69,8.12,8.43,0.45,39.51,8.61,Tropical,Pacific,110,40925.72,55.15
-0.85,29.52,7.71,0.03,31.59,5.25,Temperate,Pacific,184,44656.85,68.2
-0.6,7.84,8.07,0.27,30.36,9.7,Polar,Southern,132,47481.78,54.3
-0.48,5.65,7.6,0.08,31.29,7.19,Tropical,Arctic,195,40710.17,70.09
-1.36,4.58,7.7,0.11,39.54,9.51,Tropical,Indian,56,26927.53,58.35
-1.3,28.38,8.18,0.05,34.16,4.07,Tropical,Southern,66,9464.77,80.56
-1.06,12.39,7.97,0.5,36.81,7.71,Tropical,Pacific,146,45169.17,95.71
-0.89,22.75,8.12,0.25,31.57,6.89,Polar,Southern,66,30034.45,56.86
-0.36,26.77,8.07,0.01,37.08,6.19,Temperate,Indian,106,44107.56,62.54
1.23,20.56,7.77,0.05,33.38,5.1,Tropical,Atlantic,152,14494.37,66.24
0.18,18.82,7.64,0.09,34.47,5.16,Polar,Pacific,185,45816.23,68.41
1.41,10.23,7.63,0.04,38.12,8.09,Polar,Indian,99,24121.73,99.58
0.59,11.39,7.96,0.13,35.34,9.46,Polar,Pacific,117,16498.93,67.94
-1.16,17.86,8.11,0.22,33.77,8.63,Polar,Pacific,130,10209.99,63.91
-1.52,14.73,7.89,0.45,37.59,5.87,Tropical,Southern,105,21012.88,94.99
1.75,5.53,8.09,0.14,32.32,8.09,Tropical,Atlantic,200,34961.36,57.91
1.96,12.95,7.69,0.1,31.39,4.28,Tropical,Atlantic,127,37630.58,83.02
-0.53,18.82,8.18,0.01,37.97,9.11,Tropical,Indian,194,15438.95,95.61
-0.59,30.93,7.96,0.24,39.19,7.33,Temperate,Southern,58,32100.28,92.67
0.93,1.79,7.73,0.47,36.13,8.35,Temperate,Arctic,85,13016.24,97.14
-0.54,5.84,8.01,0.06,36.46,4.33,Temperate,Arctic,69,10250.17,51.29
-1.6,32.58,8.15,0.35,31.48,6.81,Tropical,Southern,151,11147.92,59.24
1.97,29.19,7.67,0.14,39.83,8.3,Temperate,Arctic,115,23946.32,99.67
-0.15,15.62,7.9,0.38,34.6,4.53,Tropical,Pacific,183,9059.85,56.43
-1.8,5.9,7.93,0.15,36.67,5.1,Temperate,Pacific,198,14822.45,94.09
-0.67,26.3,8.46,0.15,36.01,8.26,Polar,Arctic,117,25058.84,76.26
1.1,24.71,7.91,0.45,38.62,9.92,Polar,Atlantic,144,23831.4,57.06
0.81,32.8,7.75,0.1,31.48,9.98,Tropical,Pacific,51,19136.33,64.56
1.25,13.89,8.23,0.25,32.27,8.99,Polar,Indian,104,42186.1,53.79
0.85,6.48,8.24,0.01,36.42,8.07,Polar,Pacific,70,49748.49,99.65
0.13,5.18,8.14,0.36,36.09,8.83,Tropical,Atlantic,148,20590.18,59.65
0.76,16.76,8.44,0.17,34.38,9.53,Polar,Arctic,56,34990.71,67.52
-0.14,26.61,8.19,0.16,34.43,4.28,Tropical,Atlantic,67,44550.89,92.56
-1.09,15.25,7.64,0.48,37.55,8.84,Polar,Indian,109,17627.02,72.04
0.76,17.07,8.07,0.26,30.61,5.5,Temperate,Atlantic,102,29086.81,96.19
0.77,7.45,8.48,0.45,30.92,7.57,Polar,Atlantic,158,45796.45,88.85
-0.11,22.67,7.99,0.49,31.45,7.2,Temperate,Indian,175,24554.14,58.85
-0.19,19.56,7.74,0.39,33.23,4.19,Tropical,Atlantic,66,10802.91,90.39
-1.33,10.13,8.04,0.06,33.17,9.46,Tropical,Atlantic,185,39910.0,88.78
2.0,20.7,8.19,0.24,32.42,6.51,Temperate,Pacific,71,18161.13,95.89
1.86,7.36,7.9,0.49,31.9,7.55,Tropical,Atlantic,88,33849.39,72.63
-1.53,5.45,7.51,0.31,33.15,8.79,Polar,Southern,132,24664.26,66.9
-1.32,22.89,7.75,0.5,32.31,9.86,Temperate,Pacific,197,41292.58,60.33
1.38,24.4,7.59,0.19,30.4,5.07,Tropical,Pacific,72,27988.8,77.47
-1.43,16.8,7.67,0.33,34.17,6.54,Temperate,Pacific,160,25061.35,63.96
0.07,9.67,7.7,0.38,32.65,4.84,Polar,Indian,155,16244.87,87.65
0.43,12.46,8.27,0.18,32.1,5.18,Temperate,Atlantic,199,27512.05,86.21
-0.98,23.56,7.96,0.28,32.67,7.32,Temperate,Pacific,114,14053.07,58.21
-0.39,8.06,8.42,0.02,32.78,6.56,Tropical,Indian,52,16621.7,51.32
1.15,5.27,8.4,0.19,35.41,4.37,Temperate,Atlantic,160,47553.2,88.91
1.31,0.65,7.75,0.18,35.78,5.09,Tropical,Arctic,53,30120.19,96.66
-1.0,8.21,8.49,0.29,39.01,7.6,Tropical,Atlantic,121,7719.8,56.68
-1.68,9.22,7.68,0.17,38.49,4.13,Polar,Atlantic,93,26346.97,80.78
1.85,20.78,7.84,0.4,33.8,6.08,Temperate,Indian,99,21371.56,75.33
0.3,32.15,7.66,0.08,36.33,9.12,Tropical,Atlantic,140,33815.88,62.32
1.66,11.47,8.31,0.05,39.03,5.57,Temperate,Southern,165,21495.1,60.94
-0.27,32.89,8.06,0.45,37.94,6.42,Tropical,Pacific,136,32583.15,62.0
0.28,10.61,7.66,0.38,36.92,5.22,Tropical,Arctic,162,34311.06,81.25
0.73,2.55,8.41,0.27,39.9,6.27,Polar,Atlantic,180,30298.64,69.44
-1.57,29.08,8.35,0.49,37.13,4.91,Polar,Arctic,132,20028.38,63.27
-0.3,2.81,8.07,0.44,35.63,5.21,Tropical,Pacific,104,27129.37,54.87
-1.57,26.33,8.26,0.44,34.62,7.38,Polar,Pacific,99,16452.43,89.7
1.6,0.19,7.6,0.27,30.35,6.75,Tropical,Arctic,99,7393.58,82.78
-1.32,18.19,8.36,0.3,30.96,6.17,Polar,Pacific,124,9291.39,86.24
1.76,1.43,7.95,0.05,32.25,8.15,Polar,Atlantic,83,6898.56,99.38
-0.48,0.34,8.36,0.08,36.8,9.88,Tropical,Atlantic,154,30997.91,80.49
-1.96,25.6,7.99,0.4,36.97,6.35,Tropical,Atlantic,62,8425.75,70.48
-1.35,5.0,7.79,0.33,39.97,4.65,Tropical,Indian,58,22622.71,66.1
-0.62,25.01,8.08,0.02,35.65,4.18,Temperate,Southern,142,14789.74,61.67
-1.01,11.28,8.37,0.32,37.43,4.15,Temperate,Southern,177,31273.16,58.75
-0.82,14.18,8.42,0.44,30.1,9.65,Tropical,Indian,68,23787.98,93.95
-1.85,17.63,7.58,0.41,38.11,4.87,Temperate,Indian,97,17704.39,82.64
-1.57,14.4,8.04,0.45,31.6,5.21,Temperate,Arctic,158,20926.76,65.52
-0.05,9.58,7.65,0.46,30.8,8.07,Temperate,Indian,119,36471.38,57.27
-1.79,28.38,7.62,0.2,38.86,4.47,Polar,Indian,81,7877.21,57.0
-0.55,10.34,8.44,0.42,38.56,5.65,Tropical,Atlantic,112,34403.98,91.22
0.58,29.73,7.98,0.45,37.16,8.33,Polar,Arctic,81,20679.05,55.57
1.27,5.14,7.58,0.11,34.71,5.6,Polar,Atlantic,176,38132.98,58.33
1.52,10.79,8.32,0.04,32.65,5.0,Tropical,Southern,133,28333.02,94.43
0.76,12.39,7.7,0.5,36.93,7.89,Temperate,Arctic,125,6209.67,95.83
0.65,31.84,8.27,0.28,39.64,4.37,Polar,Southern,159,31989.83,76.82
1.36,23.35,8.45,0.08,39.46,9.93,Temperate,Arctic,163,7975.85,50.49
-1.28,9.09,8.13,0.37,38.44,5.52,Polar,Arctic,80,26901.17,61.04
0.91,28.98,8.1,0.04,30.36,5.98,Polar,Arctic,189,7646.65,80.76
-0.51,34.73,7.96,0.49,33.42,4.76,Temperate,Southern,72,44640.76,99.13
-1.25,8.61,7.99,0.22,35.07,7.64,Polar,Southern,86,46740.61,80.93
-1.64,3.82,8.27,0.09,31.73,8.16,Temperate,Atlantic,178,13761.11,97.62
-1.75,20.04,8.07,0.03,36.29,7.36,Tropical,Pacific,98,44058.21,70.84
-1.69,13.63,8.32,0.4,32.45,9.29,Temperate,Southern,197,30441.18,96.56
-0.3,2.81,8.18,0.17,35.04,7.93,Tropical,Pacific,194,5213.09,51.18
-1.98,33.35,7.7,0.2,39.53,6.54,Polar,Indian,184,15937.01,89.42
0.06,4.73,7.72,0.2,31.77,5.48,Polar,Arctic,122,29968.48,66.76
-1.87,0.24,7.98,0.49,34.19,6.36,Tropical,Southern,171,41610.03,62.45
-0.94,27.95,8.04,0.27,35.31,5.19,Tropical,Southern,124,35508.27,57.91
0.05,4.96,8.07,0.15,34.07,8.94,Temperate,Atlantic,197,29618.59,53.72
0.85,23.34,8.36,0.48,30.54,4.87,Tropical,Atlantic,195,36891.44,90.55
0.41,0.6,7.74,0.38,30.36,7.12,Temperate,Southern,83,26215.33,81.76
-0.89,10.59,8.27,0.01,36.54,4.06,Temperate,Arctic,87,34703.86,73.07
1.44,23.07,8.29,0.25,37.85,4.63,Polar,Pacific,77,15664.62,95.91
1.2,26.32,7.89,0.23,33.36,9.28,Temperate,Pacific,157,9723.94,98.59
1.73,8.23,8.05,0.46,31.11,8.69,Tropical,Atlantic,160,17261.58,79.81
-1.21,19.42,7.77,0.19,37.25,5.4,Tropical,Southern,187,45489.56,79.28
-0.61,5.04,8.09,0.32,31.97,10.0,Temperate,Atlantic,195,23278.95,85.86
-0.89,2.15,8.33,0.08,39.87,9.58,Tropical,Southern,164,34273.87,79.47
1.91,6.73,8.1,0.44,38.88,8.3,Temperate,Indian,177,34791.08,52.89
-1.77,31.13,8.24,0.39,38.33,6.9,Polar,Pacific,123,33378.08,99.28
0.33,18.33,7.74,0.25,33.57,6.51,Temperate,Indian,57,10545.67,98.94
1.67,34.31,7.61,0.45,34.65,6.72,Tropical,Atlantic,166,33297.9,79.08
0.46,14.49,8.35,0.43,37.08,4.42,Temperate,Atlantic,80,44288.66,80.72
1.97,33.44,8.01,0.23,39.01,7.49,Tropical,Pacific,193,23137.97,92.24
0.73,19.63,8.1,0.48,38.34,6.3,Polar,Arctic,60,20674.87,79.17
0.18,5.97,7.88,0.43,30.79,6.05,Tropical,Southern,121,45567.0,81.75
-0.52,6.61,7.96,0.15,35.36,6.38,Temperate,Indian,85,40593.58,63.72
1.61,27.25,7.94,0.11,36.44,8.86,Temperate,Atlantic,120,33718.34,61.32
0.26,3.34,7.55,0.38,35.62,6.0,Polar,Southern,135,41340.05,63.37
0.73,25.54,7.76,0.23,30.16,8.15,Temperate,Atlantic,99,6031.24,68.45
-0.09,16.89,7.82,0.4,38.34,4.63,Temperate,Arctic,171,11265.38,97.45
-0.21,17.03,7.65,0.31,32.16,6.39,Temperate,Pacific,96,5324.64,81.79
-1.69,20.7,7.89,0.44,35.89,7.22,Tropical,Southern,115,37490.59,90.14
-1.57,18.42,8.45,0.1,35.16,7.67,Temperate,Southern,147,44461.36,68.99
-1.35,33.46,8.47,0.08,33.52,8.73,Tropical,Pacific,106,44672.89,98.6
0.31,23.86,7.93,0.12,31.6,9.06,Tropical,Indian,103,5108.42,94.6
0.11,7.04,8.02,0.23,39.36,6.45,Tropical,Pacific,114,8771.7,84.69
-0.17,18.81,7.94,0.34,34.38,6.35,Tropical,Southern,157,14604.22,63.48
0.85,2.23,8.38,0.32,33.81,9.34,Polar,Indian,75,43135.98,60.07
1.05,1.29,8.48,0.41,33.24,8.33,Tropical,Indian,162,14437.79,93.17
0.46,9.93,7.93,0.22,39.74,4.42,Temperate,Southern,126,38653.01,77.82
1.55,18.8,7.62,0.44,30.47,7.46,Temperate,Indian,104,30084.9,94.75
-0.63,10.46,7.73,0.21,36.61,9.83,Temperate,Pacific,186,9546.37,63.21
1.91,23.93,8.14,0.27,32.46,7.58,Temperate,Indian,129,40207.99,83.82
-1.19,19.55,8.24,0.21,31.95,5.6,Tropical,Pacific,136,11293.22,96.62
-0.41,24.25,8.46,0.07,34.73,9.31,Temperate,Pacific,71,38506.13,94.0
1.22,18.68,7.73,0.01,31.56,6.98,Tropical,Southern,105,16240.16,86.14
-0.07,15.3,8.0,0.05,32.87,9.16,Polar,Indian,199,45234.73,75.05
0.01,31.55,7.88,0.21,35.04,4.53,Temperate,Southern,88,30378.37,53.54
1.62,28.2,7.89,0.23,34.7,7.44,Polar,Indian,118,24679.37,93.3
-0.4,17.27,8.46,0.24,38.81,4.64,Temperate,Arctic,128,34367.62,82.15
-0.3,24.08,8.01,0.02,39.37,4.98,Temperate,Arctic,74,13237.65,71.46
-1.79,29.13,7.64,0.34,38.74,6.45,Polar,Atlantic,129,10912.22,81.72
-0.84,17.9,7.87,0.41,30.28,8.87,Polar,Arctic,167,34303.4,63.88
0.66,18.33,8.24,0.3,37.99,8.33,Temperate,Atlantic,143,14121.68,93.16
-1.24,24.83,8.18,0.46,36.77,9.21,Temperate,Arctic,73,48573.36,53.32
-0.09,28.94,7.67,0.27,35.24,4.21,Temperate,Pacific,79,36227.35,72.01
-1.97,13.18,8.41,0.38,30.88,5.7,Polar,Indian,103,16883.0,64.15
-1.07,19.07,8.18,0.26,32.16,9.68,Polar,Pacific,93,23962.83,67.28
-0.72,12.99,7.89,0.35,31.46,4.09,Polar,Pacific,188,32320.66,64.24
-1.72,23.86,8.12,0.41,33.21,6.07,Polar,Atlantic,133,18595.83,96.17
-0.83,13.18,7.58,0.16,36.68,4.39,Polar,Indian,104,39163.66,54.46
-1.47,28.31,8.18,0.15,35.22,5.52,Temperate,Atlantic,126,27913.71,96.81
-1.07,28.22,7.53,0.14,31.78,6.89,Temperate,Atlantic,74,36731.88,54.9
-0.29,0.48,8.09,0.29,34.46,6.52,Polar,Pacific,175,28915.71,75.87
-0.07,33.83,7.55,0.09,32.3,4.61,Temperate,Indian,84,46679.97,92.24
1.02,26.46,7.84,0.0,36.57,6.87,Polar,Atlantic,164,49320.43,70.77
-0.85,6.78,7.94,0.1,37.83,5.97,Temperate,Pacific,194,32557.43,65.28
-0.39,17.24,8.12,0.13,30.75,6.62,Polar,Arctic,133,24117.98,72.15
1.55,3.92,7.66,0.21,34.49,9.26,Temperate,Southern,57,33788.48,57.94
0.49,14.92,7.76,0.48,35.31,8.65,Polar,Atlantic,109,19182.08,71.4
1.13,0.37,8.45,0.1,35.32,8.22,Tropical,Indian,74,25633.68,63.47
-1.66,14.55,7.78,0.1,30.98,7.71,Tropical,Atlantic,86,13239.22,80.48
1.54,24.85,7.86,0.15,39.03,6.92,Tropical,Indian,165,17408.67,82.8
0.38,29.25,7.52,0.01,38.71,9.25,Temperate,Arctic,158,21965.95,92.58
0.98,23.9,7.76,0.13,30.27,6.13,Temperate,Southern,184,26404.05,99.87
-1.21,31.24,7.63,0.13,39.16,4.55,Temperate,Pacific,77,35792.2,78.35
-1.32,33.39,8.42,0.26,36.4,7.47,Temperate,Indian,127,48693.6,74.74
-1.89,24.75,8.28,0.22,31.34,7.86,Polar,Indian,178,17474.99,54.89
-0.63,17.88,7.94,0.46,36.34,6.7,Tropical,Southern,117,16725.9,57.43
1.67,12.9,7.8,0.03,30.1,8.8,Temperate,Pacific,139,24205.65,96.82
-0.87,0.35,7.99,0.02,38.89,5.98,Tropical,Pacific,135,39073.52,50.4
-0.39,24.93,8.31,0.17,32.63,5.71,Polar,Pacific,65,49422.47,80.38
-1.06,28.81,8.36,0.3,34.36,7.58,Temperate,Southern,116,18493.57,61.98
1.28,24.63,7.75,0.07,32.91,4.17,Temperate,Pacific,175,19505.28,76.36
0.14,10.46,7.76,0.26,36.55,4.88,Polar,Pacific,69,19561.16,57.96
0.95,32.87,7.5,0.07,33.77,5.28,Temperate,Southern,168,17036.7,86.75
-0.45,13.75,7.83,0.19,31.06,7.66,Tropical,Arctic,93,47796.02,90.25
0.22,1.0,7.87,0.24,38.6,4.42,Tropical,Arctic,120,22604.82,61.56
1.42,31.4,7.77,0.05,30.1,8.93,Polar,Indian,200,18881.59,93.22
-1.55,3.04,8.41,0.07,38.3,9.9,Temperate,Atlantic,80,43346.75,93.64
0.85,5.58,8.17,0.01,37.94,8.41,Polar,Atlantic,141,45060.56,75.07
0.74,3.66,8.03,0.39,39.81,9.96,Polar,Pacific,162,10026.51,99.36
-1.61,19.2,8.33,0.38,37.55,9.33,Tropical,Arctic,109,5586.14,56.45
1.59,11.4,7.65,0.41,39.07,9.03,Tropical,Indian,144,11339.72,72.54
0.3,8.23,8.28,0.03,36.85,6.81,Temperate,Southern,73,48338.19,83.68
-0.88,15.61,8.38,0.37,36.19,6.55,Tropical,Arctic,97,27006.45,61.75
1.91,19.22,7.72,0.46,37.02,8.64,Temperate,Atlantic,173,24039.76,50.97
1.33,30.37,7.94,0.38,39.12,4.6,Polar,Atlantic,170,43785.88,58.81
0.41,20.29,8.47,0.07,37.58,4.05,Tropical,Pacific,106,21409.06,57.82
-0.12,1.27,8.41,0.41,33.46,4.31,Tropical,Pacific,119,28338.24,77.02
0.35,24.71,8.33,0.41,35.81,6.77,Tropical,Southern,128,45043.19,64.94
-1.18,23.38,7.71,0.08,30.43,9.04,Temperate,Atlantic,92,7532.32,74.03
1.6,32.31,7.69,0.42,38.92,4.97,Polar,Indian,122,6054.86,54.0
1.74,6.26,8.08,0.3,39.77,6.73,Polar,Arctic,64,35097.14,75.46
1.56,21.52,8.06,0.24,33.6,4.79,Polar,Atlantic,135,20642.72,93.92
-0.43,4.64,7.84,0.13,34.54,6.83,Tropical,Arctic,142,13905.81,57.42
-0.67,19.35,8.46,0.3,39.46,7.58,Polar,Pacific,84,20551.12,60.95
1.92,27.48,8.33,0.08,37.84,7.22,Polar,Arctic,82,38163.01,90.52
0.7,23.62,8.22,0.04,30.87,4.32,Polar,Atlantic,52,48029.3,52.84
-0.71,12.43,7.88,0.28,37.95,8.55,Tropical,Arctic,86,9404.88,64.89
1.82,30.13,7.76,0.18,38.58,8.28,Temperate,Arctic,196,14633.08,89.15
-0.43,13.18,7.96,0.11,33.35,7.36,Tropical,Atlantic,55,25040.65,93.23
0.11,10.23,7.83,0.35,32.29,5.76,Tropical,Indian,159,7381.09,70.71
0.33,1.5,8.0,0.26,35.86,9.76,Tropical,Pacific,137,39862.47,66.03
-1.48,10.11,8.33,0.2,38.16,7.82,Tropical,Atlantic,189,5834.84,62.88
0.94,22.76,8.02,0.17,37.29,8.55,Tropical,Atlantic,97,8101.51,68.97
-1.3,10.6,8.06,0.17,35.33,7.38,Tropical,Indian,176,30350.11,65.18
-1.85,0.48,8.47,0.28,38.5,8.76,Tropical,Indian,184,5919.09,80.94
-0.84,34.37,8.26,0.1,37.79,7.55,Tropical,Arctic,108,28031.58,95.4
0.85,15.24,8.09,0.09,37.43,6.46,Temperate,Arctic,163,41342.7,50.95
1.24,30.94,7.59,0.44,31.7,5.63,Tropical,Indian,147,25802.92,89.38
-0.04,29.98,7.59,0.14,39.85,4.51,Tropical,Atlantic,113,35301.72,90.6
1.15,2.2,7.85,0.37,31.9,4.55,Tropical,Arctic,82,32142.61,81.78
-1.84,0.25,8.36,0.35,31.76,7.0,Polar,Arctic,195,30162.13,58.13
-1.79,28.1,7.87,0.04,33.03,8.23,Tropical,Indian,67,6198.34,98.3
-0.35,18.77,7.74,0.08,39.34,9.27,Temperate,Arctic,50,28494.27,74.79
0.42,0.83,8.28,0.42,30.67,6.61,Temperate,Pacific,153,28985.91,65.39
-0.34,8.18,7.89,0.01,30.38,9.71,Temperate,Indian,186,14682.22,56.72
0.04,6.81,8.09,0.34,33.87,8.35,Polar,Arctic,74,34732.93,73.73
0.0,0.91,7.55,0.34,34.89,5.83,Temperate,Pacific,184,36144.51,84.5
1.76,32.29,7.74,0.38,34.59,7.99,Temperate,Indian,51,36697.97,53.33
-1.2,11.5,8.47,0.46,31.31,9.26,Temperate,Pacific,106,43426.75,82.72
-0.89,29.13,7.57,0.43,37.05,9.9,Tropical,Indian,97,36308.21,64.64
-0.46,27.7,8.32,0.23,34.46,4.89,Tropical,Indian,85,32093.19,85.71
0.04,10.71,7.67,0.41,39.36,7.93,Polar,Arctic,116,38021.4,88.26
1.24,3.0,8.17,0.45,35.08,7.58,Tropical,Southern,186,8801.28,52.98
0.62,5.9,7.54,0.41,38.58,7.6,Temperate,Pacific,77,40025.43,68.47
-0.93,12.64,7.61,0.15,36.33,6.67,Temperate,Indian,97,47608.67,69.18
-1.63,6.28,7.79,0.47,37.49,5.5,Tropical,Atlantic,170,44051.03,77.12
-1.18,10.59,7.63,0.01,39.02,7.6,Tropical,Arctic,174,24874.03,81.61
0.93,6.13,7.96,0.49,35.03,9.2,Temperate,Pacific,155,18994.2,51.17
-0.78,27.66,8.27,0.1,36.96,9.3,Tropical,Atlantic,122,5302.1,76.25
-1.19,14.01,8.05,0.4,34.57,8.86,Temperate,Arctic,174,18520.8,99.04
-1.36,34.55,8.06,0.1,34.7,6.83,Polar,Southern,198,7008.66,62.33
0.9,21.44,8.15,0.4,33.64,9.68,Polar,Arctic,163,29377.49,98.54
0.85,5.09,8.33,0.36,31.96,6.75,Tropical,Indian,137,35648.63,77.09
-0.95,17.69,7.97,0.3,34.78,7.56,Temperate,Indian,154,19201.32,72.79
-0.03,12.47,8.0,0.01,35.64,8.35,Polar,Indian,135,36351.51,88.02
-1.08,3.71,7.66,0.01,36.6,4.32,Tropical,Arctic,172,15618.28,61.81
-0.02,23.08,7.67,0.26,37.67,6.82,Polar,Southern,123,31351.07,63.54
-0.69,3.1,7.69,0.29,34.68,6.91,Polar,Arctic,74,7056.62,78.66
-1.33,21.44,7.62,0.22,32.05,8.45,Polar,Atlantic,170,19149.57,93.61
-1.45,19.61,8.42,0.16,39.19,6.76,Tropical,Indian,147,46441.8,62.28
1.55,1.21,8.14,0.43,39.18,8.51,Tropical,Arctic,135,26179.81,94.13
-1.59,8.86,7.96,0.07,38.2,7.48,Tropical,Pacific,76,46586.15,70.96
1.4,31.43,7.8,0.15,39.83,8.73,Polar,Arctic,100,22183.85,94.27
-1.95,0.71,8.06,0.48,35.66,9.63,Polar,Arctic,124,21656.62,58.02
0.95,8.26,7.88,0.4,35.85,9.42,Temperate,Atlantic,134,24124.62,92.89
-0.92,9.4,7.73,0.29,37.24,4.79,Polar,Indian,166,9992.8,65.21
